target,z_abs_catalogue,line,rest_AA,f,observed_AA_catalogue,metadata_eligible,native_pixels,valid_pixels,valid_fraction,longest_invalid_run_pixels,actual_log_grid_spacing_km_s,native_CNR,sideband_median_flux,core_EW_rest_AA,core_EW_diagonal_error_AA,core_EW_diagonal_SNR,full_EW_rest_AA,full_EW_diagonal_error_AA,core_to_full_EW_ratio,core_low_flux_pixels,core_valid_pixels,core_low_flux_fraction,core_resolved_unsaturated_detection_pixels,core_AOD_integral_cm2,full_window_edge_EW_diagonal_SNR,broader_water_band_warning,strong_sky_feature_warning,reported_instrument_artifact_warning,nearest_nominal_R,nearest_arc_R,median_contributing_extracted_pixels,detected_primary_candidate,detected_strict_candidate,rejections
J000815-095854,1.768,1608,1608.450852,0.0577,4452.1919583359995,True,200,200,1.0,0,2.4999895761823456,28.29262309972703,0.9519586565895717,0.8607878880098894,0.0031394252259907165,274.18645963712936,1.250967311032415,0.006545203487972825,0.6880978267125836,55,80,0.6875,18,1759562327351561.0,21.10141203137253,False,False,False,49771.0,50268.10046599858,6.0,True,True,[]
J000815-095854,1.768,1611,1611.200369,0.00138,4459.802621391999,True,200,200,1.0,0,2.4999895761823456,23.444265383453676,0.9798429963530546,0.06919052024837682,0.0051400300315032985,13.461112060495248,0.10508879205423349,0.008212265467531012,0.6584005667575802,0,80,0.0,13,2322091373590238.5,1.133121749190459,False,False,False,49771.0,50268.10046599858,12.0,True,True,[]
J000815-095854,1.768,2249,2249.875472,0.00182,6227.655306496,True,200,200,1.0,0,2.4999895761823456,40.113726351579764,0.981621452739655,0.18386844906205688,0.0040599493537805155,45.28836028233789,0.2603606258663932,0.006681560493958929,0.7062068177559648,0,80,0.0,61,2469400859986738.0,3.627248123299417,False,False,False,51976.14111111111,53676.45089315838,6.0,True,True,[]
J000815-095854,1.768,2260,2260.779108,0.00244,6257.836570944,True,200,200,1.0,0,2.4999895761823456,39.55124850036828,0.9839215345479019,0.24664107791681106,0.004455499540506614,55.35654883913794,0.34844624563624127,0.006902091739402604,0.7078310672180144,0,80,0.0,63,2533685206679810.5,4.195563776777697,False,False,False,51976.14111111111,53676.45089315838,12.0,True,True,[]
J000815-095854,1.768,2344,2344.212747,0.114,6488.780883695999,True,200,200,1.0,0,2.4999895761823456,60.893218723671296,0.9396640565452894,1.3586349708739673,0.002210821141459466,614.5386188848679,2.159788240440169,0.005140303412317116,0.6290593426867974,63,80,0.7875,11,834866225402661.9,57.02609155724277,True,False,False,51976.14111111111,53676.45089315838,6.0,True,False,[]
J000815-095854,1.768,2374,2374.460064,0.0313,6572.5054571519995,True,200,200,1.0,0,2.4999895761823456,49.390158617859726,0.9661677667148781,1.2135992284106116,0.0024062608596888014,504.3506498990159,1.7190193780995102,0.005285933045629297,0.7059834483962164,44,80,0.55,29,2191645468864477.8,34.08123402041293,True,False,False,51976.14111111111,53676.45089315838,6.0,True,False,[]
J000815-095854,1.768,2382,2382.763995,0.32,6595.490738159999,True,200,200,1.0,0,2.4999895761823456,88.68721981364003,0.9437993672526723,1.4207794169648102,0.002150183594315546,660.7712107565762,2.4045578342106046,0.004866185097557852,0.5908693052630359,70,80,0.875,4,307038036072726.4,85.13796678191224,True,False,False,51976.14111111111,53676.45089315838,12.0,True,False,[]
J000815-095854,1.768,2586,2586.649312,0.0691,7159.845295616,False,200,200,1.0,0,2.4999895761823456,59.103325812732926,0.9582555854021102,1.4746178301191335,0.0023768232662085796,620.415430580747,2.2410421494796426,0.005462859423087637,0.6580053973824328,63,80,0.7875,10,1237656414045382.2,53.78079859140745,True,False,False,51976.14111111111,53676.45089315838,6.0,False,False,['conservative_telluric_band']
J000815-095854,1.768,2600,2600.172114,0.239,7197.276411551999,False,200,200,1.0,0,2.4999895761823456,104.04062190058974,0.8468302055211785,1.5341083002384053,0.0019661402484755838,780.2639213697254,2.6340651365232954,0.004706580159945038,0.582410920279396,67,80,0.8375,7,397912548759392.9,92.27195588306822,True,False,False,51976.14111111111,53676.45089315838,6.0,False,False,['conservative_telluric_band']
J004131-493611,2.248,1608,1608.450852,0.0577,5224.248367296,True,200,199,0.995,1,2.4999895761823456,40.82453180561736,0.999211530784299,0.1067059112964136,0.002791701000418778,38.222542915737336,0.10630205162972645,0.004581742999473149,1.0037991709519765,2,80,0.025,13,152298176529613.7,1.106447750178972,False,False,False,56935.86,59637.05210273955,1.0,True,True,[]
J004131-493611,2.248,1611,1611.200369,0.00138,5233.178798512,True,200,200,1.0,0,2.4999895761823456,38.91181027790942,0.9920171252815487,0.010385984135583767,0.0030939520789512,3.3568665158849034,0.020412460464890238,0.004923155588729188,0.5088060870196334,0,80,0.0,1,339362002491130.25,3.9996697222556303,False,False,True,56935.86,59637.05210273955,1.0,False,False,['core_EW_diagonal_detection_proxy_below_5']
J004131-493611,2.248,2249,2249.875472,0.00182,7307.595533056001,False,200,200,1.0,0,2.4999895761823456,67.09720462535549,0.9882024557342806,0.05126197029235108,0.002570478868344701,19.94257604045662,0.1326811668498104,0.004019957568265997,0.38635453327281566,0,80,0.0,12,699555251466570.8,3.7994782159589593,True,False,False,56935.86,60495.89411815158,4.0,False,False,['conservative_telluric_band']
J004131-493611,2.248,2260,2260.779108,0.00244,7343.010542784001,False,200,200,1.0,0,2.4999895761823456,64.90577195328859,0.9956547054240432,0.036219219284906096,0.0029217135461857722,12.39656753215572,0.05186495428976877,0.0043182950372605035,0.6983370520785543,0,80,0.0,10,341625352685511.94,4.203933177300927,True,False,False,56935.86,60495.89411815158,2.0,False,False,['conservative_telluric_band']
J004131-493611,2.248,2344,2344.212747,0.114,7614.003002256,False,200,0,0.0,200,2.4999895761823456,,,0.0,0.0,,0.0,0.0,,0,0,,0,0.0,,False,False,False,0.0,0.0,,False,False,"['catalogue_coverage_gap', 'conservative_telluric_band', 'native_valid_fraction_below_0p98', 'native_CNR_below_15', 'core_EW_diagonal_detection_proxy_below_5']"
J004131-493611,2.248,2374,2374.460064,0.0313,7712.246287872,True,200,200,1.0,0,2.4999895761823456,64.43328484631925,0.9988015199899835,0.14186874095747476,0.0028248316693054182,50.22201588116507,0.14424944280109814,0.004593784028884228,0.9834959373333173,0,80,0.0,15,150705282273581.72,0.26707940929000684,False,False,False,56935.86,55856.621640339894,2.0,True,True,[]
J004131-493611,2.248,2382,2382.763995,0.32,7739.21745576,True,200,200,1.0,0,2.4999895761823456,68.58480048856529,0.9976709315054231,0.30442066244874977,0.002332442062991553,130.51585172422446,0.3160204557153924,0.003993420286417324,0.9632941695486656,10,80,0.125,20,56888742862811.92,0.7540983107418052,False,False,False,56935.86,55856.621640339894,2.0,True,True,[]
J004131-493611,2.248,2586,2586.649312,0.0691,8401.436965376,False,200,200,1.0,0,2.4999895761823456,48.93944167709536,0.9928025609571556,0.22277816562840524,0.004674079626481645,47.66246693064978,0.24130170792377686,0.0066868492676140905,0.9232349308475558,4,80,0.05,14,123583434938613.61,1.1903715058941706,True,False,False,56935.86,55856.621640339894,2.0,False,False,['conservative_telluric_band']
J004131-493611,2.248,2600,2600.172114,0.239,8445.359026272,True,200,200,1.0,0,2.4999895761823456,47.14663171529908,0.9917344138042001,0.3226124212949033,0.0038849819896660752,83.0409052482204,0.33144288893166485,0.006575247234572556,0.9733574985867862,9,80,0.1125,17,65194926063524.38,2.660811782558835,True,False,False,56935.86,55856.621640339894,2.0,True,False,[]
J010311+131617,2.309,1608,1608.450852,0.0577,5322.363869268,True,200,200,1.0,0,2.4999895761823456,62.16027393458043,0.9973664012293952,0.2744499741919455,0.0017159185648449357,159.94347273511028,0.2762294469445873,0.0029311799482557247,0.9935579903868875,9,80,0.1125,26,535941952388761.06,1.3903455313131508,False,False,False,51976.14111111111,54029.404116751844,3.0,True,True,[]
J010311+131617,2.309,1611,1611.200369,0.00138,5331.462021021,True,200,200,1.0,0,2.4999895761823456,61.67825992608287,0.997556055340733,0.033613701830693954,0.0019332465142496602,17.38717829461094,0.03732041088256657,0.003078010886361844,0.9006787716368867,0,80,0.0,12,1160675468817351.0,1.3460365804544288,False,False,False,51976.14111111111,54029.404116751844,6.0,True,True,[]
J010311+131617,2.309,2249,2249.875472,0.00182,7444.837936848001,True,200,200,1.0,0,2.4999895761823456,52.99410362741375,0.9882731637285784,0.0834512268243239,0.0030745943549334476,27.14219086833986,0.10407980204841874,0.005020675427441789,0.8018003991350958,0,80,0.0,16,1216713257673096.5,4.837595873022887,True,False,False,51976.14111111111,53633.579462736336,2.0,True,False,[]
J010311+131617,2.309,2260,2260.779108,0.00244,7480.918068372001,True,200,200,1.0,0,2.4999895761823456,49.02570007429732,0.9832275506801705,0.11179913548760045,0.0037989955780504603,29.428603742932676,0.13675012220745078,0.0057750794813758565,0.817543221774972,0,80,0.0,16,1303657704097579.0,6.938612884587037,False,False,False,51976.14111111111,53633.579462736336,3.0,True,True,[]
J010311+131617,2.309,2344,2344.212747,0.114,7756.999979823,True,200,200,1.0,0,2.4999895761823456,49.142879397823606,0.9799205002134681,0.5406245168244381,0.003007291187020448,179.77125698960864,0.596900049346203,0.0057630678837839264,0.9057203419845506,18,80,0.225,23,286798593923164.25,2.3490980424220544,False,False,False,51976.14111111111,53633.579462736336,2.0,True,True,[]
J010311+131617,2.309,2374,2374.460064,0.0313,7857.088351776,True,200,200,1.0,0,2.4999895761823456,44.90627439313902,0.9827219756225021,0.3969673658573877,0.003939969388279469,100.75392134727674,0.45855755200267395,0.00644361204331118,0.8656871184951564,10,80,0.125,31,643357323166115.6,7.413235998750513,True,False,False,51976.14111111111,53633.579462736336,2.0,True,False,[]
J010311+131617,2.309,2382,2382.763995,0.32,7884.566059455,True,200,200,1.0,0,2.4999895761823456,46.63308291344825,0.981766297843309,0.6455634261319105,0.00326211302439093,197.89732032734943,0.6817280321287756,0.006020215983373076,0.9469515638311998,26,80,0.325,15,136296866059244.8,6.080279334128047,True,False,False,51976.14111111111,53633.579462736336,4.0,True,False,[]
J010311+131617,2.309,2586,2586.649312,0.0691,8559.222573408,False,200,0,0.0,200,2.4999895761823456,,,0.0,0.0,,0.0,0.0,,0,0,,0,0.0,,True,False,False,0.0,0.0,,False,False,"['catalogue_coverage_gap', 'native_valid_fraction_below_0p98', 'native_CNR_below_15', 'core_EW_diagonal_detection_proxy_below_5']"
J010311+131617,2.309,2600,2600.172114,0.239,8603.969525226,False,200,0,0.0,200,2.4999895761823456,,,0.0,0.0,,0.0,0.0,,0,0,,0,0.0,,True,False,False,0.0,0.0,,False,False,"['catalogue_coverage_gap', 'native_valid_fraction_below_0p98', 'native_CNR_below_15', 'core_EW_diagonal_detection_proxy_below_5']"
J010516-184642,2.37,1608,1608.450852,0.0577,5420.47937124,False,200,200,1.0,0,2.4999895761823456,13.721486155303559,0.9750077435394158,0.1105895553326563,0.008526191718883516,12.970568687509848,0.12349069203950593,0.013653620149180642,0.8955294808557521,4,80,0.05,5,138099043045497.75,2.2703628617710887,False,False,False,47817.7,49455.23114645086,2.0,False,False,"['low_catalogue_CNR_proxy', 'native_CNR_below_15']"
J010516-184642,2.37,1611,1611.200369,0.00138,5429.74524353,False,200,200,1.0,0,2.4999895761823456,13.503089063680466,1.0000776858017657,0.014585789809058666,0.008901652191332814,1.6385486082303093,0.024031961427958118,0.01411274043193337,0.606932973522917,0,80,0.0,0,544032749664111.2,-0.44517181350444923,False,False,False,47817.7,49455.23114645086,2.0,False,False,"['low_catalogue_CNR_proxy', 'native_CNR_below_15', 'core_EW_diagonal_detection_proxy_below_5']"
J010516-184642,2.37,2249,2249.875472,0.00182,7582.080340640001,False,200,200,1.0,0,2.4999895761823456,31.637722149084425,0.9847107875050018,0.06536132974128125,0.005300634772211516,12.330849520879436,0.09813894639811399,0.008450664688110808,0.6660080644857764,0,80,0.0,12,848602243945188.1,-0.24952983855891933,False,False,False,47817.7,48887.616804506244,6.0,False,False,['conservative_telluric_band']
J010516-184642,2.37,2260,2260.779108,0.00244,7618.825593960001,False,200,200,1.0,0,2.4999895761823456,36.13666336535327,0.6118068195044271,0.38587712872692737,0.004827886838819082,79.92671361396579,1.2686832360102838,0.007329463122879971,0.3041556140841129,1,80,0.0125,52,5400161625384637.0,76.55396645481332,False,False,False,47817.7,48887.616804506244,3.0,False,False,['conservative_telluric_band']
J010516-184642,2.37,2344,2344.212747,0.114,7899.996957390001,False,200,120,0.6,80,2.4999895761823456,25.150092070439477,0.9793127722549786,0.011316074606764336,0.002557767242314898,4.424200302339772,0.06487442236318512,0.008888546126492827,0.17443044877399896,0,12,0.0,0,2102718303479.3154,2.7933653218152332,True,False,False,47817.7,48887.616804506244,3.0,False,False,"['catalogue_coverage_gap', 'native_valid_fraction_below_0p98', 'core_EW_diagonal_detection_proxy_below_5']"
J010516-184642,2.37,2374,2374.460064,0.0313,8001.93041568,True,200,200,1.0,0,2.4999895761823456,24.79936557812465,0.928572708631858,0.26598926919381194,0.007135858924140111,37.27501790905491,0.4654029038010575,0.012505679988544046,0.5715247305537065,2,80,0.025,31,269496389081229.34,9.933039658430879,True,False,False,47817.7,48887.616804506244,3.0,True,False,[]
J010516-184642,2.37,2382,2382.763995,0.32,8029.91466315,True,200,200,1.0,0,2.4999895761823456,27.776420390731495,0.9398163393214393,0.30988999841546316,0.007443382039152653,41.6329561999401,0.4679211861726065,0.010908042663448247,0.6622696461988177,9,80,0.1125,20,40440175558814.43,14.353103482027223,True,False,False,47817.7,48887.616804506244,3.0,True,False,[]
J010516-184642,2.37,2586,2586.649312,0.0691,8717.00818144,True,200,200,1.0,0,2.4999895761823456,23.76872658602842,0.9916079948185471,0.18525090961006718,0.00788513728427411,23.493682219018083,0.19412781962837344,0.01279026103535481,0.9542728598337957,5,80,0.0625,6,97405936845897.8,1.7908637315132057,False,False,False,47817.7,44646.228596376845,3.0,True,True,[]
J010516-184642,2.37,2600,2600.172114,0.239,8762.58002418,True,200,200,1.0,0,2.4999895761823456,20.18211278404142,1.0054940374832004,0.22667772538760406,0.01199054527548594,18.90470534739026,0.23137996945684688,0.017320352545368036,0.97967739350869,6,80,0.075,7,33340163878193.188,-1.4777982612130074,False,False,False,47817.7,44646.228596376845,3.0,True,True,[]
J012517-001828,1.761,1608,1608.450852,0.0577,4440.932802372,False,200,200,1.0,0,2.4999895761823456,16.329433415280672,0.9864309160599971,0.6087924742294761,0.0057712654006829385,105.48682688504242,0.7235717612605403,0.010889986265088941,0.8413712458442183,28,80,0.35,39,944148286593173.9,-0.4887708685942787,False,False,False,49771.0,50181.52706031696,4.0,False,False,['low_catalogue_CNR_proxy']
J012517-001828,1.761,1611,1611.200369,0.00138,4448.524218809,False,200,200,1.0,0,2.4999895761823456,16.092253559660897,0.987810864726703,0.058425904895253594,0.0074317485310294775,7.8616633287994455,0.07801029208516544,0.011848340528797257,0.7489512387861442,0,80,0.0,9,2018091227572229.0,0.9163005643014147,False,False,False,49771.0,50181.52706031696,4.0,False,False,['low_catalogue_CNR_proxy']
J012517-001828,1.761,2249,2249.875472,0.00182,6211.906178192001,True,200,200,1.0,0,2.4999895761823456,28.70260312642648,0.9939772783737251,0.11318080441817424,0.005798591229329366,19.51867271583207,0.12088006130694398,0.009250588272357129,0.9363066430846735,0,80,0.0,28,1551386023042961.0,1.2729455062020527,False,False,False,47817.7,45968.02356483426,8.0,True,True,[]
J012517-001828,1.761,2260,2260.779108,0.00244,6242.011117188001,True,200,200,1.0,0,2.4999895761823456,35.561610408155076,0.9991185068294596,0.16642067540131908,0.004735737254384284,35.14145030897755,0.16890207878415744,0.007696637669965805,0.9853086273377998,0,80,0.0,34,1732451956094348.8,0.6266637037928212,False,False,False,47817.7,45968.02356483426,4.0,True,True,[]
J012517-001828,1.761,2344,2344.212747,0.114,6472.371394467001,True,200,200,1.0,0,2.4999895761823456,24.63756974270348,0.9905302566689123,0.852602127959373,0.0059339058314678205,143.68312409643883,0.8996572575779285,0.011006988050184997,0.9476966042098764,32,80,0.4,22,360397670343309.7,2.625799378874649,True,False,False,47817.7,45968.02356483426,8.0,True,False,[]
J012517-001828,1.761,2374,2374.460064,0.0313,6555.884236704,True,200,200,1.0,0,2.4999895761823456,26.221040479947266,0.9964801821889377,0.694561652379666,0.00617702034088892,112.44283069330372,0.7142452741672254,0.010493609945007927,0.9724413692334059,27,80,0.3375,18,1066179280345212.6,0.04857521580868546,True,False,False,47817.7,45968.02356483426,4.0,True,False,[]
J012517-001828,1.761,2382,2382.763995,0.32,6578.811390195,True,200,200,1.0,0,2.4999895761823456,27.170111810546626,0.9883659088147667,0.9694888751923982,0.005202726790341146,186.34245353652872,1.064334114412499,0.009856944453262443,0.9108877203729825,42,80,0.525,14,158653451051171.1,0.9668973823390344,True,False,False,47817.7,45968.02356483426,4.0,True,False,[]
J012517-001828,1.761,2586,2586.649312,0.0691,7141.738750432,False,0,0,0,0,2.4999895761823456,,,0.0,0.0,,0.0,0.0,,0,0,,0,0.0,,True,False,False,0.0,0.0,,False,False,"['catalogue_coverage_gap', 'low_catalogue_CNR_proxy', 'native_valid_fraction_below_0p98', 'native_CNR_below_15', 'core_EW_diagonal_detection_proxy_below_5']"
J012517-001828,1.761,2600,2600.172114,0.239,7179.075206754001,False,0,0,0,0,2.4999895761823456,,,0.0,0.0,,0.0,0.0,,0,0,,0,0.0,,True,False,False,0.0,0.0,,False,False,"['catalogue_coverage_gap', 'conservative_telluric_band', 'low_catalogue_CNR_proxy', 'native_valid_fraction_below_0p98', 'native_CNR_below_15', 'core_EW_diagonal_detection_proxy_below_5']"
J021857+081727,2.293,1608,1608.450852,0.0577,5296.628655636,True,200,200,1.0,0,2.4999895761823456,24.042633300601537,0.9913733830963029,0.49092837224981106,0.00399365078183594,122.92721599060899,0.5328288654066072,0.007370009396893495,0.9213621936100975,10,80,0.125,49,756205620709092.6,1.2737256286705714,False,False,False,47817.7,49858.444455079065,4.0,True,True,[]
J021857+081727,2.293,1611,1611.200369,0.00138,5305.682815117,True,200,200,1.0,0,2.4999895761823456,23.879686632844685,1.005690442078393,0.02506300131798059,0.005038259607904705,4.974535507987393,0.029735000458275034,0.007980716819221974,0.842878793735002,0,80,0.0,0,828948358456896.8,-1.2339600725554343,False,False,False,47817.7,49858.444455079065,2.0,False,False,['core_EW_diagonal_detection_proxy_below_5']
J021857+081727,2.293,2249,2249.875472,0.00182,7408.839929296001,True,200,200,1.0,0,2.4999895761823456,45.17909773604505,1.0024164835877372,0.05603790815952851,0.0036783454880512344,15.234541818206713,0.05072237868963057,0.006221177372195362,1.1047965337434897,0,80,0.0,23,723033080360040.4,-0.774763123769328,True,False,False,51976.14111111111,53205.377662512925,16.0,True,False,[]
J021857+081727,2.293,2260,2260.779108,0.00244,7444.745602644001,True,200,200,1.0,0,2.4999895761823456,46.08798394298959,0.9912514476220149,0.09696432699904015,0.0035967756643601723,26.958680787307056,0.11915007815014725,0.0060035366154625736,0.8137999446114531,0,80,0.0,33,934884959376615.0,3.4849971603771372,True,False,False,51976.14111111111,53205.377662512925,8.0,True,False,[]
J021857+081727,2.293,2344,2344.212747,0.114,7719.492575871001,True,200,200,1.0,0,2.4999895761823456,43.941816443306536,0.9593485619623684,0.9529868554689702,0.004308824887136694,221.1709411338483,1.101792723629543,0.007161826557570619,0.8649420485639312,27,80,0.3375,43,439370677984419.9,27.49468501581845,False,False,False,51976.14111111111,53205.377662512925,8.0,True,True,[]
J021857+081727,2.293,2374,2374.460064,0.0313,7819.096990752,True,200,200,1.0,0,2.4999895761823456,38.94731844319889,0.9810797377364249,0.6415466007923678,0.003822266493220798,167.8445503290312,0.7407258543631464,0.007764731524346643,0.8661053168502537,4,80,0.05,61,747137986539260.5,5.218867294862384,True,False,False,51976.14111111111,53205.377662512925,8.0,True,False,[]
J021857+081727,2.293,2382,2382.763995,0.32,7846.441835535,True,200,200,1.0,0,2.4999895761823456,41.82265157880654,0.9810304370373858,1.2401151044305656,0.0036935140072020204,335.75481289970816,1.5030911415994472,0.006902738160499461,0.8250431860778267,53,80,0.6625,21,229890246382740.84,2.5201572260335294,True,False,False,51976.14111111111,53205.377662512925,8.0,True,False,[]
J021857+081727,2.293,2586,2586.649312,0.0691,8517.836184416,True,200,200,1.0,0,2.4999895761823456,32.26204234161301,1.008459203332961,1.0506266652848253,0.004854902881171682,216.405289868799,1.122100518630401,0.009256313225722118,0.9363035199085246,26,80,0.325,43,613183663233403.4,-4.098019239959013,True,False,False,51976.14111111111,53205.377662512925,8.0,True,False,[]
J021857+081727,2.293,2600,2600.172114,0.239,8562.366771402001,False,200,0,0.0,200,2.4999895761823456,,,0.0,0.0,,0.0,0.0,,0,0,,0,0.0,,True,False,False,0.0,0.0,,False,False,"['catalogue_coverage_gap', 'native_valid_fraction_below_0p98', 'native_CNR_below_15', 'core_EW_diagonal_detection_proxy_below_5']"
J040718-441013,2.551,1608,1608.450852,0.0577,5711.608975452,True,385,385,1.0,0,1.2999971813981048,65.6736264298107,0.9923586126560764,0.4873202721433267,0.0010766004066667036,452.6473045390483,0.6312566312288231,0.0019219563676186834,0.771984400694048,15,154,0.09740259740259741,105,765625112209807.5,1.926128438836231,False,False,True,47817.7,49595.48661968067,21.0,True,True,[]
J040718-441013,2.551,1611,1611.200369,0.00138,5721.372510319,True,385,385,1.0,0,1.2999971813981048,60.67657027851506,0.997647251919112,0.023663694372936386,0.0014198762894414951,16.666025448065227,0.02963979613725723,0.002250679280370774,0.7983757466938552,0,154,0.0,19,773132990506328.0,0.6561694012627857,False,False,True,47817.7,49595.48661968067,21.0,True,True,[]
J040718-441013,2.551,2249,2249.875472,0.00182,7989.307801072001,True,385,385,1.0,0,1.2999971813981048,63.18608222120593,0.9976404482406405,0.07388134192472812,0.0018933518725894626,39.02145343099036,0.09479642668765101,0.0035653455221326276,0.7793684267041315,0,154,0.0,55,960321860652934.4,1.5355824667255895,True,False,False,45237.3,48404.37906002579,23.0,True,False,[]
J040718-441013,2.551,2260,2260.779108,0.00244,8028.026612508001,True,384,384,1.0,0,1.2999971813981048,70.08384415056562,0.9973203363489594,0.09387611690388725,0.0020170333458346154,46.54167820167735,0.11565555561336964,0.002957082152581937,0.8116870513139041,0,154,0.0,64,925766009643285.1,-0.3128502907880143,True,False,False,45237.3,48404.37906002579,12.0,True,False,[]
J040718-441013,2.551,2344,2344.212747,0.114,8324.299464597001,False,385,385,1.0,0,1.2999971813981048,55.559220244740565,0.9908485550040234,0.9833461193381228,0.0016894780487105914,582.0413707586268,1.3396332400448572,0.0032878126300969215,0.7340412957394188,60,153,0.39215686274509803,61,503968898338522.94,5.888833722400323,True,False,False,45237.3,48404.37906002579,12.0,False,False,['conservative_telluric_band']
J040718-441013,2.551,2374,2374.460064,0.0313,8431.707687264,True,384,384,1.0,0,1.2999971813981048,51.00756500575879,0.9848433312720734,0.6171928112287478,0.0033197654408700515,185.914584093927,1.4178989943075948,0.004303434413435895,0.43528686719334525,11,154,0.07142857142857142,101,761739387677715.0,38.848274888091254,True,False,False,45237.3,48404.37906002579,12.0,True,False,[]
J040718-441013,2.551,2382,2382.763995,0.32,8461.194946245,True,384,384,1.0,0,1.2999971813981048,63.013044988153766,0.9765663339327012,1.1706634590769665,0.0013132147569744545,891.4486018829737,1.6988797466067003,0.0033874855648118,0.6890796487598491,99,154,0.6428571428571429,26,257287675648747.66,6.004342157914255,True,False,False,45237.3,48404.37906002579,12.0,True,False,[]
J040718-441013,2.551,2586,2586.649312,0.0691,9185.191706912,False,385,385,1.0,0,1.2999971813981048,38.20383295358446,0.9722145628871838,1.0200415857031588,0.003629941082950508,281.00775257598485,1.3827288373315394,0.005714748590967578,0.7377018242215061,42,154,0.2727272727272727,92,564904804567473.5,12.349297661416342,True,False,False,45237.3,48362.861147495976,12.0,False,False,"['outside_fixed_wavelength_range', 'conservative_telluric_band']"
J040718-441013,2.551,2600,2600.172114,0.239,9233.211176814,False,384,384,1.0,0,1.2999971813981048,56.05026095385147,0.9830357643654792,1.2493351456911805,0.001648005226827163,758.0893102484113,1.7951419690136858,0.0037058336872579983,0.6959533938018335,92,154,0.5974025974025974,30,290007426140024.8,7.670321847113347,True,False,False,45237.3,48362.861147495976,12.0,False,False,"['outside_fixed_wavelength_range', 'conservative_telluric_band']"
J040718-441013,2.595,1608,1608.450852,0.0577,5782.38081294,True,385,385,1.0,0,1.2999971813981048,73.64145872166193,0.9965383560586554,0.4173894510247098,0.0009844387484764616,423.9872228421226,0.4225741436221635,0.0017535277957454825,0.9877306913456364,28,154,0.18181818181818182,74,837806318993197.8,0.7568130228664356,False,False,True,50571.625,53662.0552776438,42.0,True,True,[]
J040718-441013,2.595,1611,1611.200369,0.00138,5792.265326555,True,385,385,1.0,0,1.2999971813981048,72.49311798910247,0.9825222936647047,0.046880542957864285,0.0011928130430742293,39.30250698553678,0.34715147770626653,0.001814516427838964,0.13504347804485245,0,153,0.0,42,1595618596202101.5,106.75694841569879,False,False,True,50571.625,53662.0552776438,51.0,True,True,[]
J040718-441013,2.595,2249,2249.875472,0.00182,8088.302321840001,True,384,384,1.0,0,1.2999971813981048,61.9181376789854,0.994648765650415,0.10347087268306954,0.001961234596767779,52.758029484894436,0.11454562757975774,0.0031255758009571867,0.9033157779071324,0,154,0.0,48,1436860317291186.8,0.029186601237156284,True,False,False,45237.3,48404.37906002579,24.0,True,False,[]
J040718-441013,2.595,2260,2260.779108,0.00244,8127.500893260001,False,384,384,1.0,0,1.2999971813981048,66.32253156828992,0.9919021899139765,0.13282459825229437,0.001780856243158355,74.58468293697275,0.32129363542128886,0.002845216849973784,0.41340563151252957,0,154,0.0,59,1428360512772614.5,2.783107936798142,True,False,False,45237.3,48404.37906002579,12.0,False,False,['conservative_telluric_band']
J040718-441013,2.595,2344,2344.212747,0.114,8427.444825465001,True,385,385,1.0,0,1.2999971813981048,54.49999347541578,0.9876334592197868,1.0430001998164609,0.0017516938533909856,595.4237938309752,1.4158160566887172,0.004116454493324698,0.7366777590132784,65,154,0.42207792207792205,61,528065821191986.0,5.969296637117138,True,False,False,45237.3,48404.37906002579,22.0,True,False,[]
J040718-441013,2.595,2374,2374.460064,0.0313,8536.18393008,True,384,384,1.0,0,1.2999971813981048,47.95453246554814,0.9947308473249235,0.5561278077610443,0.002347647601080505,236.8872600406835,0.5658930242231865,0.004131878603223844,0.9827437058876152,26,154,0.16883116883116883,71,863738626794277.1,3.007752525402023,True,False,False,45237.3,48791.867330931855,17.0,True,False,[]
J040718-441013,2.595,2382,2382.763995,0.32,8566.036562025,True,384,384,1.0,0,1.2999971813981048,52.27530654819012,0.9923150893930407,0.9503629183353195,0.0018293877984710708,519.4977899872268,0.965379156435632,0.003637226102783306,0.9844452430941689,72,154,0.4675324675324675,36,188310840475809.2,2.943381971818564,True,False,False,45237.3,48791.867330931855,9.0,True,False,[]
J040718-441013,2.595,2586,2586.649312,0.0691,9299.00427664,False,385,385,1.0,0,1.2999971813981048,48.4513094462496,0.9813274009165711,0.8381460094243829,0.0024511193450519227,341.94418607822956,1.0079751506099321,0.004455528615287448,0.83151455560905,41,153,0.2679738562091503,68,537142423615053.3,24.749932691982572,True,False,False,45237.3,48362.861147495976,12.0,False,False,"['outside_fixed_wavelength_range', 'conservative_telluric_band']"
J040718-441013,2.595,2600,2600.172114,0.239,9347.61874983,False,384,384,1.0,0,1.2999971813981048,44.41613725228192,0.9419344553039584,1.2244276986157032,0.0022945394534926306,533.6267793312257,1.4699056739256584,0.0049894202590874,0.8329974639431384,77,154,0.5,55,246668887162475.06,28.285153251476935,True,False,False,45237.3,48728.05841512018,10.0,False,False,"['outside_fixed_wavelength_range', 'conservative_telluric_band']"
J040718-441013,2.621,1608,1608.450852,0.0577,5824.200535092,True,385,385,1.0,0,1.2999971813981048,78.96900161557262,0.9963280287431052,0.035466146340540385,0.001083882613495604,32.72139058136504,0.04452702844951373,0.0017308833164102924,0.7965082686969134,0,153,0.0,41,28551541560078.67,0.1282127755267084,False,False,False,50571.625,53662.0552776438,26.0,True,True,[]
J040718-441013,2.621,1611,1611.200369,0.00138,5834.156536148999,True,385,385,1.0,0,1.2999971813981048,76.30490312178917,0.9967441177223866,0.0069515522564501005,0.0011412124535284441,6.0913743404718605,0.012945686481951192,0.0018034191535671665,0.5369782642382015,0,154,0.0,0,221725228436763.38,3.238020107758685,False,False,False,50571.625,53662.0552776438,41.0,True,True,[]
J040718-441013,2.621,2249,2249.875472,0.00182,8146.799084112001,False,384,384,1.0,0,1.2999971813981048,69.81082189167496,0.9742191731545018,0.6222023014734122,0.0014684040221754637,423.7269117198478,1.3769996217385836,0.0023788450275225564,0.4518536473436549,55,154,0.35714285714285715,44,2.6956106377947896e+16,24.88123353558088,True,False,False,45237.3,48404.37906002579,12.0,False,False,['conservative_telluric_band']
J040718-441013,2.621,2260,2260.779108,0.00244,8186.281150068001,False,384,384,1.0,0,1.2999971813981048,54.92017198718632,0.9788527217033347,0.04075709893493379,0.002250087051860598,18.113565384606666,0.1086753283080808,0.003488842113801331,0.37503543416397667,0,154,0.0,24,396712028598108.6,14.219459494838972,True,False,False,45237.3,48404.37906002579,13.5,False,False,['conservative_telluric_band']
J040718-441013,2.621,2344,2344.212747,0.114,8488.394356887,True,385,385,1.0,0,1.2999971813981048,64.416491423394,0.993187789541986,0.1336391118185825,0.0020050115361967547,66.65254010063128,0.17683766701673506,0.0032019630532737955,0.7557163248819356,0,154,0.0,54,28078029569290.105,0.5256756472437824,True,False,False,45237.3,48404.37906002579,12.0,True,False,[]
J040718-441013,2.621,2374,2374.460064,0.0313,8597.919891743999,True,385,385,1.0,0,1.2999971813981048,59.96335292657877,0.9949045070251629,0.03703711888699147,0.0021868107950514656,16.93659047723871,0.05133029106334559,0.0034340240292877987,0.7215450783492493,0,154,0.0,28,24796520340973.79,1.0875786128493226,True,False,False,45237.3,48791.867330931855,9.0,True,False,[]
J040718-441013,2.621,2382,2382.763995,0.32,8627.988425894999,True,384,384,1.0,0,1.2999971813981048,56.3527601092828,0.9924970794530406,0.28632707912056926,0.0025377062789887044,112.82908565552071,0.384837526146209,0.003967888505276055,0.744020683190305,0,154,0.0,61,26695976509132.734,0.4786656941178725,True,False,False,45237.3,48791.867330931855,9.0,True,False,[]
J040718-441013,2.621,2586,2586.649312,0.0691,9366.257158752,False,385,385,1.0,0,1.2999971813981048,50.49404513686952,0.7418540616215922,0.3227160825217855,0.002969720266617541,108.6688487631037,1.0501952933471914,0.004390561794373475,0.3072914957495401,0,154,0.0,89,118219052136990.84,111.00632539079679,True,False,False,45237.3,48728.05841512018,10.0,False,False,"['outside_fixed_wavelength_range', 'conservative_telluric_band']"
J040718-441013,2.621,2600,2600.172114,0.239,9415.223224794,False,384,384,1.0,0,1.2999971813981048,49.22663393582854,0.9792978407535836,0.40930043335483557,0.002678125582746952,152.83093369169652,0.6554126912662135,0.005177166681125414,0.6244926880559705,0,154,0.0,103,41333986637633.09,1.1815005701340895,True,False,False,45237.3,48728.05841512018,10.0,False,False,"['outside_fixed_wavelength_range', 'conservative_telluric_band']"
J041656-284340,1.719,1608,1608.450852,0.0577,4373.377866588,False,200,0,0.0,200,2.4999895761823456,,,0.0,0.0,,0.0,0.0,,0,0,,0,0.0,,False,False,False,0.0,0.0,,False,False,"['catalogue_coverage_gap', 'low_catalogue_CNR_proxy', 'native_valid_fraction_below_0p98', 'native_CNR_below_15', 'core_EW_diagonal_detection_proxy_below_5']"
J041656-284340,1.719,1611,1611.200369,0.00138,4380.853803311,False,200,0,0.0,200,2.4999895761823456,,,0.0,0.0,,0.0,0.0,,0,0,,0,0.0,,False,False,False,0.0,0.0,,False,False,"['catalogue_coverage_gap', 'low_catalogue_CNR_proxy', 'native_valid_fraction_below_0p98', 'native_CNR_below_15', 'core_EW_diagonal_detection_proxy_below_5']"
J041656-284340,1.719,2249,2249.875472,0.00182,6117.4114083680015,True,200,200,1.0,0,2.4999895761823456,21.53802599810598,0.9750935466507125,0.15797738203991446,0.007635679315333523,20.689368360804984,0.23981793830181036,0.012342534575484844,0.6587388047723948,0,80,0.0,23,2175861455878064.0,1.4086562875148394,False,False,False,56935.86,55441.71857545111,2.0,True,True,[]
J041656-284340,1.719,2260,2260.779108,0.00244,6147.058394652001,True,200,200,1.0,0,2.4999895761823456,20.030940823857648,0.9757276431369484,0.23819400061383778,0.00826191654230689,28.830356660481264,0.3614956197529802,0.013332735643038149,0.6589125499683847,0,80,0.0,35,2556768638738970.0,3.9818503389889144,False,False,False,56935.86,55441.71857545111,4.0,True,True,[]
J041656-284340,1.719,2344,2344.212747,0.114,6373.914459093001,True,200,200,1.0,0,2.4999895761823456,36.96982117748813,0.6649972212340998,1.3060033055940765,0.004925671284462058,265.14219690498646,2.342760287754975,0.009789419147879579,0.557463481185092,65,80,0.8125,4,626985662598217.5,51.861170111259305,False,False,False,56935.86,55441.71857545111,2.0,True,True,[]
J041656-284340,1.719,2374,2374.460064,0.0313,6456.156914016,True,200,200,1.0,0,2.4999895761823456,24.57939499762721,0.8822266973462296,1.2089758086698295,0.006007857473093804,201.23243836662718,1.9380443175726008,0.011606769871863173,0.6238122615194223,35,80,0.4375,41,1775053759318434.5,17.352207758898235,False,False,False,56935.86,55441.71857545111,4.0,True,True,[]
J041656-284340,1.719,2382,2382.763995,0.32,6478.735302405,True,200,200,1.0,0,2.4999895761823456,34.71578697731671,0.40568122819631236,1.372136359140287,0.0063827733577000835,214.97494619403366,2.6211420410144193,0.01062745368849461,0.523487982592981,66,80,0.825,6,205797258186036.53,69.97580609255988,True,False,False,56935.86,55441.71857545111,2.0,True,False,[]
J041656-284340,1.719,2586,2586.649312,0.0691,7033.099479328001,False,0,0,0,0,2.4999895761823456,,,0.0,0.0,,0.0,0.0,,0,0,,0,0.0,,True,False,False,0.0,0.0,,False,False,"['catalogue_coverage_gap', 'low_catalogue_CNR_proxy', 'native_valid_fraction_below_0p98', 'native_CNR_below_15', 'core_EW_diagonal_detection_proxy_below_5']"
J041656-284340,1.719,2600,2600.172114,0.239,7069.867977966001,False,0,0,0,0,2.4999895761823456,,,0.0,0.0,,0.0,0.0,,0,0,,0,0.0,,True,False,False,0.0,0.0,,False,False,"['catalogue_coverage_gap', 'low_catalogue_CNR_proxy', 'native_valid_fraction_below_0p98', 'native_CNR_below_15', 'core_EW_diagonal_detection_proxy_below_5']"
J044017-433308,2.347,1608,1608.450852,0.0577,5383.485001644,False,200,200,1.0,0,2.4999895761823456,12.464861287451116,0.9828007187608478,0.34302196803420304,0.008653321001781086,39.640499637491764,0.41869105039664395,0.014593161518791326,0.8192722717842754,13,80,0.1625,19,481879458357394.1,1.5299538734701927,False,False,False,47817.7,49788.34727572088,4.0,False,False,"['low_catalogue_CNR_proxy', 'native_CNR_below_15']"
J044017-433308,2.347,1611,1611.200369,0.00138,5392.687635042999,False,200,200,1.0,0,2.4999895761823456,12.935129298387478,0.8914533978714415,0.08543727648897317,0.009285734416602812,9.200917520989194,0.24329591102937212,0.014789861631629911,0.3511661010967779,0,80,0.0,5,2944715649519201.0,6.080002004130688,False,False,False,47817.7,49788.34727572088,4.0,False,False,"['low_catalogue_CNR_proxy', 'native_CNR_below_15']"
J044017-433308,2.347,2249,2249.875472,0.00182,7530.333204784,True,200,200,1.0,0,2.4999895761823456,25.026325298560366,0.9858513313833954,0.07112124498316483,0.006512644102500493,10.920486957955868,0.09178097151338269,0.014343530244817514,0.7749018539512251,0,80,0.0,15,965445074408277.4,-0.02387541290055995,False,False,False,47817.7,48097.5540420998,4.0,True,True,[]
J044017-433308,2.347,2260,2260.779108,0.00244,7566.8276744760005,True,200,200,1.0,0,2.4999895761823456,23.561262764499972,0.9826657747547936,0.08947565818300665,0.007169385865925627,12.480240268314057,0.13001428204525375,0.01152674905930276,0.6881986869093587,0,80,0.0,11,928799618636455.1,5.035463534897886,False,False,False,47817.7,48097.5540420998,4.0,True,True,[]
J044017-433308,2.347,2344,2344.212747,0.114,7846.080064209,True,200,200,1.0,0,2.4999895761823456,24.015134438935046,0.9795622268792106,0.7872418371558256,0.00939835098299862,83.76382607756683,0.9693692128539458,0.013483358811950744,0.8121176397155072,29,80,0.3625,17,319052428771359.8,4.606739546420463,True,False,False,47817.7,48097.5540420998,4.0,True,False,[]
J044017-433308,2.347,2374,2374.460064,0.0313,7947.317834207999,True,200,200,1.0,0,2.4999895761823456,24.71211992157407,0.9699850246511214,0.7553875686003613,0.006228120993591054,121.28659179513058,1.0163712860760041,0.01741016086650002,0.7432200997302412,8,80,0.1,55,929509805689824.1,4.7572663409302445,True,False,False,47817.7,48097.5540420998,4.0,True,False,[]
J044017-433308,2.347,2382,2382.763995,0.32,7975.111091264999,True,200,200,1.0,0,2.4999895761823456,21.36464435681375,0.968334289731694,0.7508445535446484,0.006692330666053663,112.1947780245304,1.0409353617639687,0.013119606825131457,0.7213171740772333,33,80,0.4125,9,118767180565208.62,13.134912527766351,True,False,False,47817.7,48097.5540420998,8.0,True,False,[]
J044017-433308,2.347,2586,2586.649312,0.0691,8657.515247264,False,200,95,0.475,105,2.4999895761823456,10.657918562054967,0.948301973867646,0.6690159656903185,0.028266394004177887,23.668245959899775,0.8462472654485279,0.03477754004973839,0.7905679498246021,34,35,0.9714285714285714,1,164022118533007.34,2.781349770115824,False,False,False,47817.7,44128.67953844348,4.0,False,False,"['catalogue_coverage_gap', 'native_valid_fraction_below_0p98', 'native_CNR_below_15']"
J044017-433308,2.347,2600,2600.172114,0.239,8702.776065558,True,200,200,1.0,0,2.4999895761823456,22.162231117233915,0.5867559383357319,0.8534559110746202,0.008757259995331754,97.45695703103176,1.9453403616010285,0.013367585636176463,0.43871804025708905,31,80,0.3875,12,139493926973611.27,71.41004869144975,False,False,False,47817.7,44128.67953844348,4.0,True,True,[]
J044534-354704,2.408,1608,1608.450852,0.0577,5481.6005036159995,False,200,0,0.0,200,2.4999895761823456,,,0.0,0.0,,0.0,0.0,,0,0,,0,0.0,,False,False,False,0.0,0.0,,False,False,"['catalogue_coverage_gap', 'low_catalogue_CNR_proxy', 'native_valid_fraction_below_0p98', 'native_CNR_below_15', 'core_EW_diagonal_detection_proxy_below_5']"
J044534-354704,2.408,1611,1611.200369,0.00138,5490.970857552,False,200,0,0.0,200,2.4999895761823456,,,0.0,0.0,,0.0,0.0,,0,0,,0,0.0,,False,False,False,0.0,0.0,,False,False,"['catalogue_coverage_gap', 'low_catalogue_CNR_proxy', 'native_valid_fraction_below_0p98', 'native_CNR_below_15', 'core_EW_diagonal_detection_proxy_below_5']"
J044534-354704,2.408,2249,2249.875472,0.00182,7667.575608576,False,200,72,0.36,128,2.4999895761823456,8.970833332354859,0.9436702558551273,-0.008663728099703647,0.014583772736568664,-0.594066313031568,0.06599654185180939,0.020993490884780773,-0.1312754859058743,1,12,0.08333333333333333,0,-226980230206774.22,12.426008505198599,False,False,False,0.0,0.0,3.0,False,False,"['catalogue_coverage_gap', 'conservative_telluric_band', 'native_valid_fraction_below_0p98', 'native_CNR_below_15', 'core_EW_diagonal_detection_proxy_below_5']"
J044534-354704,2.408,2260,2260.779108,0.00244,7704.735200064,False,200,200,1.0,0,2.4999895761823456,26.279857052892467,0.991874709433922,0.026576554073765052,0.0063616314636866615,4.17763182690931,0.043940681782462354,0.010381543006320397,0.6048279861777728,0,80,0.0,6,260464802321418.4,2.405827719948181,False,False,False,47817.7,46371.37453900143,3.0,False,False,"['conservative_telluric_band', 'core_EW_diagonal_detection_proxy_below_5']"
J044534-354704,2.408,2344,2344.212747,0.114,7989.0770417759995,True,200,200,1.0,0,2.4999895761823456,25.19323511425592,0.9950883483454863,0.2656983092779055,0.006506519154584878,40.83570692183066,0.2588615901196691,0.014337161173687248,1.0264107129801523,7,80,0.0875,14,109158251304037.52,-0.7081852500933606,True,False,False,47817.7,46371.37453900143,6.0,True,False,[]
J044534-354704,2.408,2374,2374.460064,0.0313,8092.159898112,True,200,200,1.0,0,2.4999895761823456,24.018267293304277,0.9876968725820904,0.1736723977686236,0.0069648654042641246,24.935499494691673,0.1882684148785363,0.01245911228211875,0.9224723004157149,0,80,0.0,15,196139275939022.3,1.4509410542532635,True,False,False,47817.7,46371.37453900143,6.0,True,False,[]
J044534-354704,2.408,2382,2382.763995,0.32,8120.459694959999,False,200,200,1.0,0,2.4999895761823456,24.418949149031462,0.9923414122364087,0.3662076907103857,0.006775153478186079,54.051571213768426,0.3837724324729772,0.011202851740278583,0.9542313614101808,11,80,0.1375,11,53772570817092.64,-0.93235500494765,True,False,False,47817.7,46371.37453900143,3.0,False,False,['conservative_telluric_band']
J044534-354704,2.408,2586,2586.649312,0.0691,8815.300855296,True,200,200,1.0,0,2.4999895761823456,20.352850592498896,0.984738740897113,0.20417674486021475,0.009861372326274187,20.704698910537598,0.23578000750179617,0.0153676762967737,0.8659629246074196,6,80,0.075,12,131382098497614.61,3.0024395106240616,True,False,False,47817.7,46371.37453900143,3.0,True,False,[]
J044534-354704,2.408,2600,2600.172114,0.239,8861.386564512,True,200,200,1.0,0,2.4999895761823456,24.032123458223367,0.9902962847914007,0.35048437604332566,0.007387871423145995,47.44050836419106,0.3793094268365676,0.012533086114048141,0.9240065003560755,10,80,0.125,11,60229450193183.914,0.28869271040757927,True,False,False,47817.7,46371.37453900143,3.0,True,False,[]
J053007-250329,2.141,1608,1608.450852,0.0577,5052.144126132,True,250,250,1.0,0,1.9999933287629752,103.40191979243903,0.9964394994817332,0.3428475107691208,0.0008755829803880482,391.5648413097006,0.3901192537085645,0.001545938877429943,0.8788274547075862,9,100,0.09,74,555910760811483.44,0.1920057429630662,False,False,False,47817.7,49191.89638228451,26.0,True,True,[]
J053007-250329,2.141,1611,1611.200369,0.00138,5060.780359029,True,250,250,1.0,0,1.9999933287629752,101.68290577204931,0.9888072259105756,0.0286936060561162,0.0010637274300279505,26.97458507332301,0.04927918540358957,0.001674637642999747,0.5822662412359217,0,100,0.0,13,940019033334368.9,12.154916175774607,False,False,False,47817.7,49191.89638228451,32.0,True,True,[]
J053007-250329,2.141,2249,2249.875472,0.00182,7066.858857552001,True,250,250,1.0,0,1.9999933287629752,45.41154477977766,0.962199754014657,0.6100320545965456,0.0028610191602344206,213.22193960650094,1.0298498843753714,0.004847726989185958,0.5923504618020564,21,100,0.21,57,1.787982199125693e+16,19.492205702679534,True,False,False,47817.7,48574.244306759676,4.0,True,False,[]
J053007-250329,2.141,2260,2260.779108,0.00244,7101.1071782280005,True,250,250,1.0,0,1.9999933287629752,45.99534610465506,0.9525538578550388,0.6022900134096314,0.002855373536282236,210.93212700774248,0.8428577822240915,0.004967251775636053,0.7145808297816724,3,100,0.03,80,9337106931698108.0,8.14716965406362,True,False,False,47817.7,48574.244306759676,2.0,True,False,[]
J053007-250329,2.141,2344,2344.212747,0.114,7363.172238327,True,250,250,1.0,0,1.9999933287629752,41.90469702888117,0.9848625056464148,0.7717485996103397,0.0030368668067094766,254.12658793770055,0.8293168017563812,0.005778062502184885,0.9305835815407094,23,100,0.23,65,340058023637128.3,1.3821448649614103,True,False,False,47817.7,48574.244306759676,2.0,True,False,[]
J053007-250329,2.141,2374,2374.460064,0.0313,7458.179061024,True,250,250,1.0,0,1.9999933287629752,40.45346361038594,0.9893788011935956,0.4534193450660501,0.003568080653159424,127.07654034237186,0.48459481839389973,0.006065053909084268,0.9356669280303594,7,100,0.07,67,557769480108136.1,3.889790934332011,False,False,False,47817.7,48574.244306759676,2.0,True,True,[]
J053007-250329,2.141,2382,2382.763995,0.32,7484.261708294999,True,250,250,1.0,0,1.9999933287629752,37.13374887894501,0.9931676139641741,1.0019150616779775,0.003509656499902264,285.47382392148023,1.0882028656394338,0.006578338446865867,0.9207061415788929,38,100,0.38,51,161983543467250.22,2.888193574422748,False,False,False,47817.7,48574.244306759676,4.0,True,True,[]
J053007-250329,2.141,2586,2586.649312,0.0691,8124.665488992,False,250,250,1.0,0,1.9999933287629752,36.90711047456924,0.9632760516750254,0.7707476365269419,0.004066223222715837,189.54877642259845,0.910971227839732,0.007338279007388263,0.8460724257501361,21,100,0.21,73,427803988079194.8,6.214135947319365,True,False,False,47817.7,48574.244306759676,2.0,False,False,['conservative_telluric_band']
J053007-250329,2.141,2600,2600.172114,0.239,8167.140610074,False,250,250,1.0,0,1.9999933287629752,34.616150022573215,0.919830331888617,1.1046661409174265,0.0038880191062844916,284.1205536083589,1.6411542511139507,0.007607090579095501,0.673103177332431,35,100,0.35,63,194971655292593.38,10.693787674626394,True,False,False,47817.7,48574.244306759676,2.0,False,False,['conservative_telluric_band']
J064326-504112,2.659,1608,1608.450852,0.0577,5885.321667468,True,222,222,1.0,0,2.249991556709879,54.07098542844609,0.9781473852287972,0.4405690782098094,0.0018681572336665137,235.8308338667685,0.4996815204551895,0.003312027662489603,0.8816997630980408,17,89,0.19101123595505617,55,815727980925451.4,5.923186575742153,False,True,False,47817.7,46754.35510268499,18.0,True,True,[]
J064326-504112,2.659,1611,1611.200369,0.00138,5895.382150170999,True,223,223,1.0,0,2.249991556709879,48.49805266361985,0.9592353709796827,0.050103743250346534,0.0023839253402395655,21.017329026466705,0.17910407536799566,0.0041202822315830395,0.27974652808653866,0,89,0.0,28,1663284886489043.0,10.124567076541924,False,True,False,47817.7,46754.35510268499,25.0,True,True,[]
J064326-504112,2.659,2249,2249.875472,0.00182,8232.294352048,False,222,222,1.0,0,2.249991556709879,25.492499990636748,0.9766695546950328,0.2493828655220081,0.006094647993207176,40.91833782688667,0.3755446596312444,0.01003903488333543,0.6640564820356724,0,89,0.0,53,3732976978604693.0,4.798842343512259,True,False,False,56935.86,59066.96010506775,3.0,False,False,['conservative_telluric_band']
J064326-504112,2.659,2260,2260.779108,0.00244,8272.190756172,False,222,222,1.0,0,2.249991556709879,25.93911485448546,0.9548641196093414,0.13785911684768298,0.006075385911175858,22.6914172800261,0.23897284084419912,0.00991509614080026,0.5768819434069569,0,89,0.0,32,1382095143977873.5,10.64320903104514,True,False,False,56935.86,59066.96010506775,3.0,False,False,['conservative_telluric_band']
J064326-504112,2.659,2344,2344.212747,0.114,8577.474441273,True,222,222,1.0,0,2.249991556709879,25.79690291407249,0.9990394372997629,0.8100460115382468,0.005472911028516172,148.01008226107933,0.9034581519187569,0.009747482530979274,0.8966060130376574,29,88,0.32954545454545453,39,346726123921371.2,-0.8434873924492119,True,False,False,56935.86,54324.73282578291,3.0,True,False,[]
J064326-504112,2.659,2374,2374.460064,0.0313,8688.149374175999,True,222,222,1.0,0,2.249991556709879,20.829534956861583,0.9997822337550304,0.5738591848386005,0.0074684838466824305,76.83744072011538,0.6096770016111339,0.013492548222284824,0.9412511597487175,15,89,0.16853932584269662,32,753908855293095.4,-0.624449511699675,False,False,False,56935.86,54324.73282578291,3.0,True,True,[]
J064326-504112,2.659,2382,2382.763995,0.32,8718.533457704998,True,223,223,1.0,0,2.249991556709879,24.81391383043924,0.969379416059476,1.0445396861463476,0.004897516465651611,213.2794638817763,1.293601148446844,0.009723793676440566,0.8074665729853976,39,89,0.43820224719101125,33,169870888243477.84,4.952659957278138,False,False,False,56935.86,54324.73282578291,3.0,True,True,[]
J064326-504112,2.659,2586,2586.649312,0.0691,9464.549832608,False,222,222,1.0,0,2.249991556709879,10.359674727733957,0.7472961686646689,0.9538285644079143,0.027564091402840253,34.604027046203676,1.59945062188228,0.04522817301832571,0.5963476154615022,42,89,0.47191011235955055,17,362394977911195.5,22.745984784361458,True,False,False,56935.86,54386.51515480051,3.0,False,False,"['outside_fixed_wavelength_range', 'conservative_telluric_band', 'native_CNR_below_15']"
J064326-504112,2.659,2600,2600.172114,0.239,9514.029765125999,False,223,214,0.9596412556053812,9,2.249991556709879,15.270268621848505,0.8251121132543932,1.1753444638581563,0.010715396016445685,109.6874499135889,1.7598485270348465,0.018388595747320324,0.6678668338794385,38,89,0.42696629213483145,36,152410409317729.75,11.024190969621994,True,False,False,56935.86,54386.51515480051,2.0,False,False,"['catalogue_coverage_gap', 'outside_fixed_wavelength_range', 'conservative_telluric_band', 'native_valid_fraction_below_0p98']"
J084424+124546,1.864,1608,1608.450852,0.0577,4606.603240128,True,200,200,1.0,0,2.4999895761823456,11.414127750487605,0.9717886038921965,0.19003273591186948,0.010320269890600838,18.413543243180236,0.23672011410817478,0.016553473426587702,0.8027739283068679,9,80,0.1125,7,267699828637536.53,1.0635363602746168,False,False,False,49771.0,58556.40552395834,4.0,False,False,['native_CNR_below_15']
J084424+124546,1.864,1611,1611.200369,0.00138,4614.477856816,True,200,200,1.0,0,2.4999895761823456,11.886359782538687,0.9819298716963861,0.03613788815021458,0.010174903646355813,3.551668832083488,0.07890512289704346,0.016048462447731768,0.45799165913939216,0,80,0.0,2,1319974386257358.8,2.090078360840998,False,False,False,49771.0,58556.40552395834,2.0,False,False,"['native_CNR_below_15', 'core_EW_diagonal_detection_proxy_below_5']"
J084424+124546,1.864,2249,2249.875472,0.00182,6443.643351808,True,200,200,1.0,0,2.4999895761823456,45.727458777783724,0.976148914477142,0.05044818249954745,0.0036712118698754943,13.741561175889954,0.1538383701275975,0.005803431169753882,0.3279297775821756,0,80,0.0,14,725859530954898.1,8.380111076803123,False,False,False,47817.7,46002.686253031774,7.0,True,True,[]
J084424+124546,1.864,2260,2260.779108,0.00244,6474.871365312,True,200,200,1.0,0,2.4999895761823456,44.0682536574859,0.997250983601564,0.13077850306988487,0.003742963125171229,34.93983207860274,0.13534775580276087,0.006224873280919548,0.9662406465051798,0,80,0.0,30,1364773469453024.2,-0.5154404914640424,True,False,False,47817.7,46002.686253031774,14.0,True,False,[]
J084424+124546,1.864,2344,2344.212747,0.114,6713.825307407999,True,200,200,1.0,0,2.4999895761823456,64.52740921950918,1.0026547146639235,0.30339546802536005,0.002480416474909037,122.31634126542653,0.30293231487848427,0.0043258123320230515,1.0015288997710976,12,80,0.15,9,174827186221712.53,0.8220509936366043,False,False,False,47817.7,46137.109618555136,12.0,True,True,[]
J084424+124546,1.864,2374,2374.460064,0.0313,6800.453623295999,True,200,200,1.0,0,2.4999895761823456,61.447113690302785,0.9949485952447081,0.24702049138020538,0.00268112208922928,92.13324987047282,0.2583340457627448,0.0044588639440735715,0.9562057167140491,7,80,0.0875,11,447514516520915.8,3.0002441978351833,False,False,False,47817.7,46262.87286092933,12.0,True,True,[]
J084424+124546,1.864,2382,2382.763995,0.32,6824.236081679999,True,200,200,1.0,0,2.4999895761823456,43.035343382086126,0.9906803927579366,0.3460046229887138,0.0037309314695969592,92.73947425951826,0.36664686765480975,0.0064411527696143405,0.9436999290403589,14,80,0.175,7,68413573232601.34,1.7817031221076143,True,False,False,51976.14111111111,51886.44684345626,10.0,True,False,[]
J084424+124546,1.864,2586,2586.649312,0.0691,7408.163629568,True,200,200,1.0,0,2.4999895761823456,40.885497149186726,0.9895407548328317,0.3244779699696911,0.004322518061750193,75.06688586011589,0.3362600235452809,0.00754455403795459,0.964961479954208,11,80,0.1375,8,235102816058691.1,3.2640535070424286,True,False,False,51976.14111111111,51886.44684345626,10.0,True,False,[]
J084424+124546,1.864,2600,2600.172114,0.239,7446.892934496,True,200,200,1.0,0,2.4999895761823456,41.63839923308858,0.9909642497035165,0.3626657047116054,0.004195345912294211,86.44476815340427,0.37045935218607806,0.007387464707492913,0.9789622061678768,14,80,0.175,7,82759043233934.33,0.9225054633765799,True,False,False,51976.14111111111,51886.44684345626,5.0,True,False,[]
J084424+124546,2.375,1608,1608.450852,0.0577,5428.5216255,True,200,200,1.0,0,2.4999895761823456,47.23834347591115,0.9640228154400041,0.7949191410444808,0.0016856144153817938,471.59014172552065,1.1133353544401183,0.003496726655264265,0.7139979323159419,48,80,0.6,22,1942527723333390.2,10.690680214865282,False,False,False,47817.7,48779.33081201181,14.0,True,True,[]
J084424+124546,2.375,1611,1611.200369,0.00138,5437.801245375,True,200,200,1.0,0,2.4999895761823456,44.527905097975065,0.973185083307851,0.5882640056619053,0.002054866414746308,286.27846629851695,0.9249854821622843,0.003725652793396349,0.6359710687423494,19,80,0.2375,38,4.676240975420579e+16,6.533447090208421,False,False,False,47817.7,48779.33081201181,14.0,True,True,[]
J084424+124546,2.375,2249,2249.875472,0.00182,7593.329718000001,False,200,200,1.0,0,2.4999895761823456,39.31436063120296,0.8961673632258318,0.06345873647109297,0.004231926462714746,14.99523610114546,0.5547577597505253,0.007035565019214729,0.11438999339032298,0,80,0.0,14,846944904627959.6,66.63883570715744,False,False,False,51976.14111111111,51886.44684345626,10.0,False,False,['conservative_telluric_band']
J084424+124546,2.375,2260,2260.779108,0.00244,7630.129489500001,False,200,200,1.0,0,2.4999895761823456,40.96053498568074,0.7421778043047864,0.6281181983563526,0.004153403135312531,151.22976939465536,1.6338243588037829,0.006484193403592015,0.3844465869123375,9,80,0.1125,66,1.1720107050850872e+16,39.42841872397191,False,False,False,51976.14111111111,51886.44684345626,3.0,False,False,['conservative_telluric_band']
J084424+124546,2.375,2344,2344.212747,0.114,7911.718021125,True,200,200,1.0,0,2.4999895761823456,34.9705835970516,0.9859163532333775,0.4138167265022343,0.00448368413189495,92.29390704811803,0.47925228131530284,0.00997411488762829,0.8634632377054495,12,80,0.15,17,203585307218050.34,1.3898345848219336,True,False,False,51976.14111111111,51886.44684345626,5.0,True,False,[]
J084424+124546,2.375,2374,2374.460064,0.0313,8013.802715999999,True,200,200,1.0,0,2.4999895761823456,35.66448333903179,0.9762384525543588,0.30674115007283964,0.0046858959791372355,65.4605120212926,0.7457697291702834,0.007711567542298314,0.41130812645628406,6,80,0.075,23,435370703229787.7,60.11505404607498,True,False,False,51976.14111111111,51886.44684345626,5.0,True,False,[]
J084424+124546,2.375,2382,2382.763995,0.32,8041.828483124999,True,200,200,1.0,0,2.4999895761823456,36.99617130169293,0.9858564400013468,0.5073795550469609,0.004232735735241654,119.8703596878329,0.540806284759921,0.007323371548804591,0.9381909370232279,20,80,0.25,16,93229972073173.45,3.6822045712916056,True,False,False,51976.14111111111,51886.44684345626,5.0,True,False,[]
J084424+124546,2.375,2586,2586.649312,0.0691,8729.941428,True,200,200,1.0,0,2.4999895761823456,31.907268966964715,0.9693902796857192,0.5558271862619069,0.005010545404894376,110.93147379105008,0.647906061978063,0.009103743785499885,0.8578823673372672,11,80,0.1375,53,294391566042139.94,7.2846614580519,False,False,False,51976.14111111111,47873.14530822815,5.0,True,True,[]
J084424+124546,2.375,2600,2600.172114,0.239,8775.58088475,True,200,200,1.0,0,2.4999895761823456,24.11611970815195,0.977017900225153,0.5195875372888276,0.007338898335535073,70.79911909570619,0.5542375709250502,0.015292330830206872,0.9374816225857984,16,80,0.2,15,91067636494409.55,3.471729733932411,True,False,False,51976.14111111111,47873.14530822815,5.0,True,False,[]
J091613+070224,2.618,1608,1608.450852,0.0577,5819.375182536,True,200,200,1.0,0,2.4999895761823456,71.11815326622093,0.983897222767555,0.024897067341084093,0.001681346696258705,14.807812925486749,0.2487336436236887,0.0025888612987449468,0.1000952946226731,0,80,0.0,9,19549394904648.92,210.59057222127177,False,False,False,47817.7,47092.91454342482,15.0,True,True,[]
J091613+070224,2.618,1611,1611.200369,0.00138,5829.322935042,True,200,200,1.0,0,2.4999895761823456,71.00913100823507,0.9768697030474356,-0.0007727695446675094,0.0017115582235600788,-0.45150058819508443,0.16774110675823853,0.0026162368773411278,-0.0046069181228265334,0,80,0.0,0,-20676145953782.15,129.7928462647206,False,False,False,47817.7,47092.91454342482,15.0,False,False,['core_EW_diagonal_detection_proxy_below_5']
J091613+070224,2.618,2249,2249.875472,0.00182,8140.049457696,False,200,200,1.0,0,2.4999895761823456,53.07250514062511,0.9618064775010161,0.04084268358533304,0.0032171044926752627,12.695479328795221,0.162917989320008,0.005145711121162817,0.2506947437529978,0,80,0.0,18,533166499425850.0,15.131888117436947,True,False,False,47817.7,45071.43548749677,11.0,False,False,['conservative_telluric_band']
J091613+070224,2.618,2260,2260.779108,0.00244,8179.498812744,False,200,200,1.0,0,2.4999895761823456,46.5771038468616,0.9666517065934044,0.15545177475065386,0.0039709655303887745,39.147097490779394,0.23787296644248968,0.006039523506706196,0.6535075299875965,0,80,0.0,46,1552026994152366.5,8.3585006923939,True,False,False,47817.7,45071.43548749677,11.0,False,False,['conservative_telluric_band']
J091613+070224,2.618,2344,2344.212747,0.114,8481.361718646,True,200,200,1.0,0,2.4999895761823456,47.54867224977693,0.9908679440202686,0.06313152393946783,0.003676305248613348,17.17254680178698,0.0839311519802553,0.005885893075650637,0.7521822642720243,0,80,0.0,10,12907344182168.967,5.457456695372954,True,False,False,47817.7,45071.43548749677,11.0,True,False,[]
J091613+070224,2.618,2374,2374.460064,0.0313,8590.796511552,True,200,200,1.0,0,2.4999895761823456,40.42930328224699,1.004914848569173,0.027606560162189354,0.0046955525256355424,5.879299616279516,0.015582600539124077,0.007045665875738095,1.771627277030947,0,80,0.0,4,18329588282425.56,-1.4799325483305394,True,False,False,47817.7,45002.35169275917,8.0,True,False,[]
J091613+070224,2.618,2382,2382.763995,0.32,8620.840133909998,True,200,200,1.0,0,2.4999895761823456,38.02626131375349,0.9848388917439597,0.13697132162568249,0.005326263708930257,25.716211046034037,0.176495598546987,0.008369970265935259,0.7760608352463686,0,80,0.0,15,10953627571112.893,4.050306450202838,True,False,False,47817.7,45002.35169275917,8.0,True,False,[]
J091613+070224,2.618,2586,2586.649312,0.0691,9358.497210816,False,200,200,1.0,0,2.4999895761823456,31.7912289683236,0.9407361532061767,1.1771079633271786,0.004606346652899177,255.5404644994144,1.4892406299607015,0.009517618063916076,0.790408171551323,36,80,0.45,43,710183247961060.1,5.11931850491764,True,False,False,47817.7,44418.63822214397,10.0,False,False,"['outside_fixed_wavelength_range', 'conservative_telluric_band']"
J091613+070224,2.618,2600,2600.172114,0.239,9407.422708451999,False,200,200,1.0,0,2.4999895761823456,33.66151415042681,0.8274513704425228,0.27948132173746054,0.006690125768061867,41.77519697337864,0.8658819559060865,0.010696665292841445,0.3227706962030435,0,80,0.0,48,24001460754559.03,17.42633530033603,True,False,False,47817.7,44418.63822214397,10.0,False,False,"['outside_fixed_wavelength_range', 'conservative_telluric_band']"
J115122+020426,1.969,1608,1608.450852,0.0577,4775.490579588,True,200,200,1.0,0,2.4999895761823456,44.38792262493136,0.5586660421896912,0.7762388108234425,0.0024433142336821576,317.6991318278469,1.436260929903515,0.0044098007233262775,0.5404580704396023,9,80,0.1125,71,1164880367555023.8,74.57747822552284,False,False,False,41103.37333333334,41617.940732138086,10.0,True,True,[]
J115122+020426,1.969,1611,1611.200369,0.00138,4783.653895561,True,200,200,1.0,0,2.4999895761823456,32.66917617667275,0.9502774313091404,0.054426287706572235,0.0037497544089694825,14.514627298359471,0.27505884070043324,0.005787373135627398,0.1978714356825489,0,80,0.0,6,1776976986888699.8,54.6387414580817,False,False,False,41103.37333333334,41617.940732138086,16.0,True,True,[]
J115122+020426,1.969,2249,2249.875472,0.00182,6679.880276368001,True,200,200,1.0,0,2.4999895761823456,34.6523936848171,0.9868748951424269,0.10534840602297502,0.0048041167189764155,21.928777376878756,0.15562669841814775,0.007700007718275073,0.6769301610442072,0,80,0.0,26,1359890097367881.5,1.963996055867208,False,False,False,41103.37333333334,39968.65035776784,12.0,True,True,[]
J115122+020426,1.969,2260,2260.779108,0.00244,6712.253171652002,True,200,200,1.0,0,2.4999895761823456,36.48601649703214,0.9793950875269173,0.12840016376257593,0.0045343871893870815,28.31698273652099,0.2121067171177717,0.007289636778213367,0.6053564239141096,0,80,0.0,37,1239024013137148.0,3.3384236458560497,False,False,False,41103.37333333334,39968.65035776784,6.0,True,True,[]
J115122+020426,1.969,2344,2344.212747,0.114,6959.967645843001,False,200,200,1.0,0,2.4999895761823456,61.24855722560925,0.8443050340900682,1.4382021443224726,0.0027206810132598936,528.6184368226368,2.4055212350145005,0.005761734733285873,0.5978754722212224,67,80,0.8375,13,788399617224900.2,72.07185184539875,True,False,False,41103.37333333334,39968.65035776784,6.0,False,False,['conservative_telluric_band']
J115122+020426,1.969,2374,2374.460064,0.0313,7049.771930016001,True,200,200,1.0,0,2.4999895761823456,40.649692958259806,0.8973359519079549,0.9941163490478863,0.004137601530320713,240.26391661036303,1.6171058629553339,0.006993918891435494,0.6147503214360338,6,80,0.075,74,1165256404714904.5,37.46578198618216,True,False,False,41103.37333333334,39968.65035776784,10.0,True,False,[]
J115122+020426,1.969,2382,2382.763995,0.32,7074.426301155,True,200,200,1.0,0,2.4999895761823456,66.43015871150295,0.6858977523876357,1.5551836673907602,0.002749341245514608,565.6568350429227,2.7123005869611956,0.0059103587463943345,0.5733817538022786,73,80,0.9125,7,295681167194867.7,104.78731422370558,True,False,False,41103.37333333334,39968.65035776784,6.0,True,False,[]
J115122+020426,1.969,2586,2586.649312,0.0691,7679.761807328001,False,200,200,1.0,0,2.4999895761823456,50.66992730438276,0.6673172708651139,1.4899345887026065,0.0034470329947734286,432.23682249683225,2.5569983159680474,0.006700385499593146,0.58268892059811,46,80,0.575,34,990787115210437.8,93.03606732166676,False,False,False,41103.37333333334,39263.574546754986,12.0,False,False,['conservative_telluric_band']
J115122+020426,1.969,2600,2600.172114,0.239,7719.911006466001,True,200,200,1.0,0,2.4999895761823456,49.38628588227566,0.6955978388005633,1.6884321862864367,0.006080312805162408,277.68837564621606,2.9366398802002136,0.009683496834958597,0.5749537754596328,73,80,0.9125,7,325880786628323.25,68.20528070640172,False,False,False,41103.37333333334,39263.574546754986,6.0,True,True,[]
J115411+063427,1.775,1608,1608.450852,0.0577,4463.4511143,False,200,200,1.0,0,2.4999895761823456,23.444452608102022,0.6866010770094013,0.179558794211524,0.005260055366251046,34.13629357660153,0.8828696684503474,0.00767313526684744,0.2033808620095576,1,80,0.0125,36,184550027387996.12,52.89007020260663,False,False,False,49771.0,48334.056543451705,6.0,False,False,['forest_or_Lyalpha_proximity']
J115411+063427,1.775,1611,1611.200369,0.00138,4471.081023975,False,200,200,1.0,0,2.4999895761823456,32.97687838773732,0.2957098780148928,0.6720691353559589,0.003841225738468127,174.9621556019196,1.6616464343901711,0.006130045654475374,0.40445977040994896,16,80,0.2,58,4.503079914294915e+16,113.7504586984925,False,False,False,49771.0,48334.056543451705,6.0,False,False,['forest_or_Lyalpha_proximity']
J115411+063427,1.775,2249,2249.875472,0.00182,6243.404434800001,True,200,200,1.0,0,2.4999895761823456,27.42549251445156,0.9854815106093806,0.047677845932322285,0.0063511934932311866,7.506911257409362,0.14948585998900993,0.009883046455351742,0.3189455239166268,0,80,0.0,8,655656444668264.6,2.9955067691172714,False,False,False,47817.7,47213.652992508265,3.0,True,True,[]
J115411+063427,1.775,2260,2260.779108,0.00244,6273.6620247,False,200,200,1.0,0,2.4999895761823456,26.391257052021288,0.935667828578874,0.06764203064663332,0.006445696822465658,10.494137796068163,0.2693604646011716,0.010177174365495551,0.25112085675523116,0,80,0.0,3,643576487550433.1,12.716778818400076,False,False,False,47817.7,47213.652992508265,6.0,False,False,['conservative_telluric_band']
J115411+063427,1.775,2344,2344.212747,0.114,6505.190372925,True,200,200,1.0,0,2.4999895761823456,25.738693725412062,1.0040913738547448,0.10163238783916648,0.00686104672565747,14.812956667253626,0.48527086085055554,0.010910329428021111,0.20943435107772787,4,80,0.05,2,47028912279629.99,-2.348568703707763,True,False,False,47817.7,47213.652992508265,3.0,True,False,[]
J115411+063427,1.775,2374,2374.460064,0.0313,6589.126677599999,True,200,200,1.0,0,2.4999895761823456,24.120129521995658,0.9759527402845669,0.08825282610703362,0.0073561318986264355,11.997178316434555,0.4615561974830367,0.011184845126251007,0.19120710888142092,1,80,0.0125,5,105302885187076.05,1.9766037792347264,True,False,False,47817.7,47213.652992508265,3.0,True,False,[]
J115411+063427,1.775,2382,2382.763995,0.32,6612.170086124999,True,200,200,1.0,0,2.4999895761823456,24.02453240822873,0.9786199722137113,0.14178433108226585,0.007208022940945942,19.670349587380592,0.5964449843182057,0.01164873430842014,0.23771569014758176,4,80,0.05,5,19568368963378.164,1.293174182435905,False,False,False,47817.7,47213.652992508265,6.0,True,True,[]
J115411+063427,1.775,2586,2586.649312,0.0691,7177.951840799999,False,200,200,1.0,0,2.4999895761823456,30.442105307188967,0.9777624660694182,0.18409789717036829,0.006184317423273029,29.768507107601714,0.6615268939343665,0.009539676743016296,0.27829238517494587,4,80,0.05,17,94368809069102.95,8.031671358307221,True,False,False,47817.7,49002.771405759966,3.0,False,False,['conservative_telluric_band']
J115411+063427,1.775,2600,2600.172114,0.239,7215.47761635,False,200,200,1.0,0,2.4999895761823456,25.559525369201992,0.9738014211479491,0.14923093608221388,0.007549448442687176,19.767130965278323,0.6382206758628067,0.011481493726022038,0.23382341206741614,5,80,0.0625,5,26711764436428.742,0.8120032898896459,True,False,False,47817.7,49002.771405759966,5.0,False,False,['conservative_telluric_band']
J115538+053050,2.608,1608,1608.450852,0.0577,5803.290674016,True,200,200,1.0,0,2.4999895761823456,27.6428750277647,0.9832519923491649,0.06655344690503971,0.004251041122841196,15.655799363464759,0.09398075793917765,0.006834870435019852,0.7081603549964098,0,80,0.0,9,82550781903497.38,3.2842348848327414,False,False,True,51976.14111111111,49939.095889888944,10.0,True,True,[]
J115538+053050,2.608,1611,1611.200369,0.00138,5813.2109313519995,True,200,200,1.0,0,2.4999895761823456,30.6971668694799,0.9866620225935263,0.01103019802843476,0.003921059962873082,2.8130653784627646,0.024432134831334898,0.006260997791175569,0.45146271926627635,0,80,0.0,0,364045289191251.6,0.8685818282411701,False,False,False,51976.14111111111,49939.095889888944,5.0,False,False,['core_EW_diagonal_detection_proxy_below_5']
J115538+053050,2.608,2249,2249.875472,0.00182,8117.550702976001,False,200,200,1.0,0,2.4999895761823456,24.697631427968815,0.9753196574574601,0.033019837152491835,0.00683797866724408,4.828888588182722,0.07381461799114825,0.01088497106688829,0.4473346614955256,0,80,0.0,5,440771806004393.44,4.585010577002665,True,False,False,51976.14111111111,49731.75993806906,3.0,False,False,"['conservative_telluric_band', 'core_EW_diagonal_detection_proxy_below_5']"
J115538+053050,2.608,2260,2260.779108,0.00244,8156.891021664001,False,200,200,1.0,0,2.4999895761823456,25.777894091593772,0.9829367883810031,0.16886409498855617,0.006394443266775616,26.407943263167855,0.33433368877352065,0.01018325719861752,0.5050765168416682,0,80,0.0,22,2142485288555031.5,10.759482233082512,True,False,False,51976.14111111111,49731.75993806906,3.0,False,False,['conservative_telluric_band']
J115538+053050,2.608,2344,2344.212747,0.114,8457.919591176,True,200,200,1.0,0,2.4999895761823456,26.18506249855941,0.9889260544279828,0.14231687356782877,0.007904354996421973,18.004868661927592,0.1542793779123623,0.011774063716005692,0.92246206520661,3,80,0.0375,7,52939286213594.19,3.248007290337214,True,False,False,51976.14111111111,49731.75993806906,3.0,True,False,[]
J115538+053050,2.608,2374,2374.460064,0.0313,8567.051910912,True,200,200,1.0,0,2.4999895761823456,23.939897361325528,0.9956087893205638,0.10501525753675497,0.0077471988727015,13.555255165424127,0.1396195396047913,0.011883783574107801,0.7521530140696094,0,80,0.0,9,88633803987017.48,0.41831976190159664,True,False,False,51976.14111111111,49731.75993806906,3.0,True,False,[]
J115538+053050,2.608,2382,2382.763995,0.32,8597.01249396,True,200,200,1.0,0,2.4999895761823456,25.078989959069315,0.9997872794769134,0.10822873454158768,0.007523134887193475,14.386121764987083,0.11428339240928341,0.011861534639884123,0.9470206673073532,4,80,0.05,7,21860706626327.832,0.24524641813782525,True,False,False,51976.14111111111,49731.75993806906,3.0,True,False,[]
J115538+053050,2.608,2586,2586.649312,0.0691,9332.630717696,False,200,200,1.0,0,2.4999895761823456,9.187696845205707,0.5689803920340675,0.47190550253807506,0.02180076486900306,21.64628192513757,1.7771694283046027,0.04311601365065263,0.26553771127397063,11,80,0.1375,17,164804894068024.56,18.206716036488388,True,False,False,51976.14111111111,49731.75993806906,3.0,False,False,"['outside_fixed_wavelength_range', 'conservative_telluric_band', 'native_CNR_below_15']"
J115538+053050,2.608,2600,2600.172114,0.239,9381.420987312,False,200,200,1.0,0,2.4999895761823456,15.872432764972618,0.7954885846903881,0.7026494472872837,0.03275394017853197,21.452364004371717,1.4568179258720722,0.036924746213989904,0.4823179580706132,16,80,0.2,44,88637466468179.45,45.40076548093967,True,False,False,51976.14111111111,49731.75993806906,3.0,False,False,"['outside_fixed_wavelength_range', 'conservative_telluric_band']"
J115944+011206,1.944,1608,1608.450852,0.0577,4735.279308288,True,200,200,1.0,0,2.4999895761823456,36.35059108120849,0.9885847849900834,0.6207908109630692,0.002327641211961907,266.70382349856277,0.6516347965499607,0.004707248633283475,0.952666760967657,37,80,0.4625,21,1450592623706687.8,2.1973535123253023,False,False,False,49771.0,50795.01515115332,6.5,True,True,[]
J115944+011206,1.944,1611,1611.200369,0.00138,4743.3738863359995,True,200,200,1.0,0,2.4999895761823456,36.78690102394479,0.9873673430245511,0.08968582056414821,0.0031972262686357222,28.051133397705303,0.10847740385436999,0.005194496379815669,0.8267696071022375,0,80,0.0,30,3098414116309180.5,4.709601610353146,False,False,True,49771.0,50795.01515115332,8.0,True,True,[]
J115944+011206,1.944,2249,2249.875472,0.00182,6623.633389568,True,200,200,1.0,0,2.4999895761823456,57.36170199267528,0.9998019362998414,0.20814378663512922,0.002871476435196742,72.48667761428732,0.21542274108130474,0.00475074086229869,0.966210835450152,0,80,0.0,45,3011907691906311.5,0.9042498445279397,False,False,False,47817.7,48635.765907997185,11.0,True,True,[]
J115944+011206,1.944,2260,2260.779108,0.00244,6655.733693952,True,200,200,1.0,0,2.4999895761823456,59.63272085291221,0.9941370834468791,0.26360871363289345,0.0026662013463791467,98.87052003438866,0.27221542431573853,0.004409005755116899,0.9683827222337619,0,80,0.0,45,3031788988373748.5,1.9653208254433105,False,False,False,47817.7,48635.765907997185,11.0,True,True,[]
J115944+011206,1.944,2344,2344.212747,0.114,6901.362327168,False,200,200,1.0,0,2.4999895761823456,55.33373679262601,0.9606187610713817,1.0400051054700836,0.0023412249393107575,444.2140898158444,1.3527168872389956,0.004453859422450835,0.7688268811316594,44,80,0.55,20,647578208178109.2,29.56436424487182,True,False,False,47817.7,48688.82623176734,12.0,False,False,['conservative_telluric_band']
J115944+011206,1.944,2374,2374.460064,0.0313,6990.410428415999,True,200,200,1.0,0,2.4999895761823456,53.13081052346587,0.9931498918685653,0.8694526447626355,0.0024691955597101224,352.1197992372492,0.9058572048851716,0.00503244640438846,0.9598120322648968,32,80,0.4,26,1731550665579557.0,1.0908051738096232,True,False,False,47817.7,48688.82623176734,10.0,True,False,[]
J115944+011206,1.944,2382,2382.763995,0.32,7014.85720128,True,200,200,1.0,0,2.4999895761823456,55.28816536659362,0.9860564413555317,1.0954249853871725,0.00214033572427734,511.80054276626635,1.2085308651477347,0.004529006162491972,0.9064104335086752,49,80,0.6125,16,239961549341493.03,4.405473318909941,True,False,False,47817.7,48688.82623176734,6.0,True,False,[]
J115944+011206,1.944,2586,2586.649312,0.0691,7615.095574528,False,200,200,1.0,0,2.4999895761823456,49.818258675618544,0.7209829610784304,1.409521367344683,0.0027149843226297347,519.1637224554653,2.4198047556371596,0.006192420847410508,0.5824938413155326,48,80,0.6,32,1073686504961651.0,110.02376236583845,False,False,False,41103.37333333334,37649.01804021688,2.0,False,False,['conservative_telluric_band']
J115944+011206,1.944,2600,2600.172114,0.239,7654.9067036159995,False,200,200,1.0,0,2.4999895761823456,43.997897159960075,0.8823209478773206,1.3543707495991013,0.003231865012634397,419.0678584360521,2.0600476893359834,0.006531233308205765,0.6574463089423219,49,80,0.6125,31,289951794239496.44,54.9462080566226,False,False,False,41103.37333333334,37649.01804021688,2.0,False,False,['conservative_telluric_band']
J120550+020131,1.747,1608,1608.450852,0.0577,4418.414490444,False,200,200,1.0,0,2.4999895761823456,12.646395831296196,0.972233670172904,0.21364734500368876,0.008643152615953364,24.71868246423679,0.23474593124205678,0.01457874934979789,0.9101216105142528,8,80,0.1,10,327747073803030.2,1.2153506976180548,False,False,False,49771.0,51362.70757649826,2.0,False,False,"['low_catalogue_CNR_proxy', 'native_CNR_below_15']"
J120550+020131,1.747,1611,1611.200369,0.00138,4425.967413642999,False,200,200,1.0,0,2.4999895761823456,12.461364650415764,0.9833984609082962,0.023097679875111566,0.009670060003395512,2.3885766858738338,0.055823012346325994,0.015237194193080499,0.4137662749515119,0,80,0.0,0,840327882090657.6,2.7889417201580926,False,False,False,49771.0,51362.70757649826,2.0,False,False,"['low_catalogue_CNR_proxy', 'native_CNR_below_15', 'core_EW_diagonal_detection_proxy_below_5']"
J120550+020131,1.747,2249,2249.875472,0.00182,6180.407921584,True,200,199,0.995,1,2.4999895761823456,21.031327744779254,1.0019770650449054,0.029613728927677198,0.007933344769472673,3.7328175931077823,0.030807629661556278,0.012819889802411215,0.9612465890107441,0,80,0.0,2,399611596404636.25,-0.39505458067621274,False,False,False,47817.7,46581.012477777025,1.0,False,False,['core_EW_diagonal_detection_proxy_below_5']
J120550+020131,1.747,2260,2260.779108,0.00244,6210.3602096760005,True,200,200,1.0,0,2.4999895761823456,19.959947059996757,0.9859983400688894,0.04305578881177363,0.008757881526967846,4.91623330130619,0.0633811790566499,0.013644278250550458,0.6793150498713585,0,80,0.0,4,419691060057894.3,2.0599501750511573,False,False,False,47817.7,46581.012477777025,2.0,False,False,['core_EW_diagonal_detection_proxy_below_5']
J120550+020131,1.747,2344,2344.212747,0.114,6439.552416009,True,200,200,1.0,0,2.4999895761823456,20.54135230156254,1.0024116360744169,0.36608899037796794,0.0076272220947792195,47.997683275612665,0.3727576808187764,0.013000792479656114,0.9821098510266497,12,80,0.15,13,166865544225113.84,-1.0390288587238374,False,False,False,47817.7,46581.012477777025,1.0,True,True,[]
J120550+020131,1.747,2374,2374.460064,0.0313,6522.641795807999,True,200,200,1.0,0,2.4999895761823456,20.507595118286886,0.9974102583154304,0.2476985688418623,0.008259121358594045,29.990910423433732,0.26262409874510784,0.013431285542985234,0.9431677063355423,1,80,0.0125,19,302616172968476.25,0.6104831414778872,True,False,False,47817.7,46581.012477777025,2.0,True,False,[]
J120550+020131,1.747,2382,2382.763995,0.32,6545.452694264999,True,200,200,1.0,0,2.4999895761823456,19.966584409796916,0.9914538562478055,0.44277823397748184,0.008267578459976962,53.55597604799939,0.4468711024941974,0.013868530541453154,0.9908410535076639,16,80,0.2,11,61125352054474.68,1.3763791358981636,True,False,False,47817.7,46581.012477777025,2.0,True,False,[]
J120550+020131,1.747,2586,2586.649312,0.0691,7105.525660064,False,0,0,0,0,2.4999895761823456,,,0.0,0.0,,0.0,0.0,,0,0,,0,0.0,,True,False,False,0.0,0.0,,False,False,"['catalogue_coverage_gap', 'low_catalogue_CNR_proxy', 'native_valid_fraction_below_0p98', 'native_CNR_below_15', 'core_EW_diagonal_detection_proxy_below_5']"
J120550+020131,1.747,2600,2600.172114,0.239,7142.672797157999,False,0,0,0,0,2.4999895761823456,,,0.0,0.0,,0.0,0.0,,0,0,,0,0.0,,True,False,False,0.0,0.0,,False,False,"['catalogue_coverage_gap', 'low_catalogue_CNR_proxy', 'native_valid_fraction_below_0p98', 'native_CNR_below_15', 'core_EW_diagonal_detection_proxy_below_5']"
J124924-023339,1.781,1608,1608.450852,0.0577,4473.101819412,True,200,200,1.0,0,2.4999895761823456,32.93088031307249,0.9879917760079635,0.5402825945972556,0.0029099665001942063,185.66625923741665,0.7260650945513222,0.005360762622226796,0.7441241820488941,32,80,0.4,18,1179855189696930.2,0.13846507063595867,False,False,False,49771.0,49653.980225016356,13.0,True,True,[]
J124924-023339,1.781,1611,1611.200369,0.00138,4480.748226188999,True,200,200,1.0,0,2.4999895761823456,33.350179350813086,0.9881222708955826,0.45096789632893763,0.0030384749457949044,148.41915907618537,0.6831432956698289,0.005320585616224981,0.6601366055810576,1,80,0.0125,63,2.3373213407300004e+16,0.06566355009555055,False,False,False,49771.0,49653.980225016356,7.0,True,True,[]
J124924-023339,1.781,2249,2249.875472,0.00182,6256.903687632,True,200,200,1.0,0,2.4999895761823456,52.24310438265758,0.9926607008514745,0.1630586153941265,0.0030843536774779238,52.86638059207903,0.20082232831307434,0.005106817095003798,0.8119546106443122,0,80,0.0,38,2374816998663836.5,2.972778371881358,False,False,False,51976.14111111111,49579.27402565477,14.0,True,True,[]
J124924-023339,1.781,2260,2260.779108,0.00244,6287.226699348,False,200,200,1.0,0,2.4999895761823456,51.85743509561916,0.9718129080300877,0.22453662168869626,0.003154710248264295,71.17503796497162,0.33153626579014595,0.005143195099939719,0.6772611169808562,0,80,0.0,40,2590350512104345.0,12.06405932564344,False,False,False,51976.14111111111,49579.27402565477,7.0,False,False,['conservative_telluric_band']
J124924-023339,1.781,2344,2344.212747,0.114,6519.2556494069995,True,200,200,1.0,0,2.4999895761823456,53.02824802550295,0.9878859704889297,0.8744278662115874,0.002436248390824001,358.9239379305793,1.2410892061670322,0.004611393896048631,0.7045648788713278,38,80,0.475,20,550399908343822.5,2.413913397302012,True,False,False,51976.14111111111,49579.27402565477,9.0,True,False,[]
J124924-023339,1.781,2374,2374.460064,0.0313,6603.373437983999,True,200,200,1.0,0,2.4999895761823456,51.231418674742756,0.9985652729298555,0.7506496761692818,0.00270975949804608,277.01708461970554,0.9792132650242211,0.004986195070017006,0.7665844642644973,29,80,0.3625,21,1463892233878786.8,0.7667528403598799,True,False,False,51976.14111111111,49579.27402565477,14.0,True,False,[]
J124924-023339,1.781,2382,2382.763995,0.32,6626.466670094998,True,200,200,1.0,0,2.4999895761823456,52.68409436545321,0.9953511630578908,0.9891837803517552,0.002358215186455606,419.46289975279865,1.4617242345463652,0.004653988102998509,0.6767239380543901,42,80,0.525,31,212381710621066.38,-0.12012204857734886,False,False,False,51976.14111111111,49579.27402565477,7.0,True,True,[]
J124924-023339,1.781,2586,2586.649312,0.0691,7193.471736672,False,200,200,1.0,0,2.4999895761823456,40.52885937087167,0.9407575835474322,0.9964807707473384,0.0036060534063135537,276.3355553754914,1.5519925691872483,0.006822126821325883,0.6420654264273818,36,80,0.45,31,778978481867531.8,24.686042652237834,True,False,False,51976.14111111111,53113.87278156062,3.0,False,False,['conservative_telluric_band']
J124924-023339,1.781,2600,2600.172114,0.239,7231.078649033999,False,200,200,1.0,0,2.4999895761823456,38.77678164548258,0.9606447481379063,1.048580480390512,0.0037233071103682353,281.6261053165736,1.6968807053979384,0.006917860016950934,0.6179459033595457,41,80,0.5125,23,235542730187438.3,30.62305723587796,True,False,False,51976.14111111111,53113.87278156062,6.0,False,False,['conservative_telluric_band']
J133335+164903,1.776,1608,1608.450852,0.0577,4465.059565152,True,385,385,1.0,0,1.2999971813981048,77.59912098086869,0.9986979273330077,0.297052386094328,0.0009826525239499287,302.2964668123769,0.3186340143670494,0.001691237368261356,0.9322682849299933,8,153,0.05228758169934641,59,429942032064103.6,1.573879725186562,False,False,False,55789.45,59400.04183955356,22.0,True,True,[]
J133335+164903,1.776,1611,1611.200369,0.00138,4472.692224343999,True,385,385,1.0,0,1.2999971813981048,75.72618600846637,0.996523213536743,0.013389916605730799,0.0011393720851625919,11.752013920737769,0.01920470214534291,0.0018182314806264822,0.6972207381502045,0,154,0.0,7,431280904221291.4,0.9377664521292838,False,False,False,55789.45,59400.04183955356,22.0,True,True,[]
J133335+164903,1.776,2249,2249.875472,0.00182,6245.654310272,True,384,384,1.0,0,1.2999971813981048,130.6213155961898,1.0022441658378702,0.03255122209497374,0.0009260295607236332,35.15138552330558,0.03113114638353474,0.0014751545173923176,1.0456159144910282,0,154,0.0,32,414370556508744.0,-1.8946076896461117,False,False,False,50571.625,62108.02615775921,11.0,True,True,[]
J133335+164903,1.776,2260,2260.779108,0.00244,6275.922803808,False,384,384,1.0,0,1.2999971813981048,126.52281860967483,0.985211115059151,0.05288760351057215,0.0009512063087928022,55.60056006955318,0.1606585884452876,0.0015283138002825695,0.32919250705718145,0,154,0.0,50,502512320820676.3,40.411382806875494,False,False,False,50571.625,62108.02615775921,22.0,False,False,['conservative_telluric_band']
J133335+164903,1.776,2344,2344.212747,0.114,6507.534585672,True,385,385,1.0,0,1.2999971813981048,145.45300631015925,0.693922296318489,0.5946213399657524,0.0007682814775777663,773.9628733995662,1.5209696286301413,0.0012027705305297496,0.3909488583945605,48,154,0.3116883116883117,21,338383851049574.75,495.87376834871327,True,False,False,50571.625,62108.02615775921,11.0,True,False,[]
J133335+164903,1.776,2374,2374.460064,0.0313,6591.5011376639995,True,385,385,1.0,0,1.2999971813981048,126.79008346599062,0.9975773474769556,0.3836499196998331,0.0009001689814375159,426.19766689490586,0.41104281943732823,0.0015313900790806538,0.9333575519577426,0,154,0.0,66,415037645906689.94,3.4551756328886087,True,False,False,50571.625,62108.02615775921,21.0,True,False,[]
J133335+164903,1.776,2382,2382.763995,0.32,6614.552850119999,True,384,384,1.0,0,1.2999971813981048,125.70232814287263,0.9961677461150416,0.6846315013793168,0.0007980458717470699,857.8848981206205,0.7931447670629101,0.0015043975058256815,0.8631860535556098,60,154,0.38961038961038963,19,156026746408855.88,2.001556357576946,False,False,False,50571.625,62108.02615775921,21.0,True,True,[]
J133335+164903,1.776,2586,2586.649312,0.0691,7180.538490112,False,385,385,1.0,0,1.2999971813981048,109.23950709298556,0.9739167607470767,0.7459108983128591,0.0011827433969125308,630.6616466936171,1.0482608965940683,0.002092762096111634,0.7115698970899492,24,153,0.1568627450980392,104,425064092161643.06,122.40525474667183,True,False,False,50571.625,61902.198563664446,7.0,False,False,['conservative_telluric_band']
J133335+164903,1.776,2600,2600.172114,0.239,7218.077788463999,False,384,384,1.0,0,1.2999971813981048,103.48879264376166,0.9942975876813114,0.7438823256249899,0.0010798063855667701,688.9034326598652,0.8603534425699805,0.0019699049814614865,0.8646241054175628,60,154,0.38961038961038963,19,190474127967229.8,7.486723212082255,True,False,False,50571.625,61902.198563664446,14.0,False,False,['conservative_telluric_band']
J141217+091624,2.019,1608,1608.450852,0.0577,4855.913122188,True,200,200,1.0,0,2.4999895761823456,41.70521418728665,0.9864491457452846,0.1322816783294507,0.002724186054348757,48.558239301710955,0.1588050671207972,0.004490996247575292,0.8329814704768134,1,80,0.0125,18,174821039956198.5,2.680739773439855,False,False,False,47817.7,49081.25453938798,12.0,True,True,[]
J141217+091624,2.019,1611,1611.200369,0.00138,4864.213914011,True,200,200,1.0,0,2.4999895761823456,36.719929169328694,0.9895258362894875,0.006456066085331639,0.0032664569169814505,1.9764736683861495,0.022008847617298752,0.0051992782045113,0.29333957859098586,0,80,0.0,0,217934181470902.62,2.744136125647797,False,False,False,47817.7,49081.25453938798,12.0,False,False,['core_EW_diagonal_detection_proxy_below_5']
J141217+091624,2.019,2249,2249.875472,0.00182,6792.374049968001,True,200,200,1.0,0,2.4999895761823456,38.43109532203431,0.9972787282905909,0.02118212229525608,0.0043966340423158895,4.817804277405489,0.02724663951705256,0.006945755548474785,0.7774214608006633,0,80,0.0,5,273553739327529.1,0.39037394367133754,False,False,False,47817.7,46265.63365765287,12.0,False,False,['core_EW_diagonal_detection_proxy_below_5']
J141217+091624,2.019,2260,2260.779108,0.00244,6825.292127052001,True,200,200,1.0,0,2.4999895761823456,24.993445020036088,0.9950891917241823,0.03273006540049217,0.006839512502811656,4.785438346232596,0.04628639006019269,0.012590314600472694,0.7071207185941413,0,80,0.0,4,320194591393016.6,-1.2252475359579396,True,False,False,47817.7,48955.94836640384,10.0,False,False,['core_EW_diagonal_detection_proxy_below_5']
J141217+091624,2.019,2344,2344.212747,0.114,7077.178283193,True,200,200,1.0,0,2.4999895761823456,23.778374672399664,0.9860110505956268,0.2866906532431917,0.007234306321493429,39.629321804002366,0.3198308687539334,0.011592646017019582,0.8963820608065239,9,80,0.1125,11,120371657535034.38,3.087886213628157,True,False,False,47817.7,48955.94836640384,5.0,True,False,[]
J141217+091624,2.019,2374,2374.460064,0.0313,7168.4949332159995,False,200,200,1.0,0,2.4999895761823456,25.658065770045848,0.9927173137098455,0.2237902728183087,0.006688151107581976,33.460708231399025,0.2843868635025055,0.01092854368886995,0.786921976852623,0,80,0.0,23,220861606457195.06,4.696605175897024,True,False,False,47817.7,48955.94836640384,5.0,False,False,['conservative_telluric_band']
J141217+091624,2.019,2382,2382.763995,0.32,7193.5645009049995,False,200,200,1.0,0,2.4999895761823456,27.203660198904444,0.9404274654519992,0.45255381315734866,0.005822866554392248,77.72010725816526,0.6317209074577896,0.009846781710703467,0.7163825160996233,13,80,0.1625,22,69590450953828.766,24.717176479499646,True,False,False,47817.7,48955.94836640384,5.0,False,False,['conservative_telluric_band']
J141217+091624,2.019,2586,2586.649312,0.0691,7809.0942729280005,True,200,200,1.0,0,2.4999895761823456,19.463969741769976,0.9643628494582941,0.34723309608183683,0.01135298975794657,30.58516773863816,0.40413041333247257,0.01670570683716228,0.8592105039027906,6,80,0.075,16,167516837108554.66,2.2845858600020184,False,False,False,47817.7,48955.94836640384,5.0,True,True,[]
J141217+091624,2.019,2600,2600.172114,0.239,7849.919612166001,True,200,200,1.0,0,2.4999895761823456,20.56934568976608,0.9967180084784166,0.4100148346114413,0.009173583503421292,44.69516568509199,0.3959869987373026,0.023873048727740192,1.0354249910195783,9,80,0.1125,17,61174493857511.39,0.051196055369072124,True,False,False,47817.7,48955.94836640384,5.0,True,False,[]
J214159-441325,2.383,1608,1608.450852,0.0577,5441.389232316,False,200,0,0.0,200,2.4999895761823456,,,0.0,0.0,,0.0,0.0,,0,0,,0,0.0,,False,False,False,0.0,0.0,,False,False,"['catalogue_coverage_gap', 'low_catalogue_CNR_proxy', 'native_valid_fraction_below_0p98', 'native_CNR_below_15', 'core_EW_diagonal_detection_proxy_below_5']"
J214159-441325,2.383,1611,1611.200369,0.00138,5450.690848327,False,200,0,0.0,200,2.4999895761823456,,,0.0,0.0,,0.0,0.0,,0,0,,0,0.0,,False,False,False,0.0,0.0,,False,False,"['catalogue_coverage_gap', 'low_catalogue_CNR_proxy', 'native_valid_fraction_below_0p98', 'native_CNR_below_15', 'core_EW_diagonal_detection_proxy_below_5']"
J214159-441325,2.383,2249,2249.875472,0.00182,7611.328721776001,False,200,200,1.0,0,2.4999895761823456,60.77674035871648,0.504450541497895,0.9252493250183476,0.0026652590114201722,347.1517481242216,2.1175721552657962,0.004508865414624509,0.43693874738460137,6,80,0.075,74,2.102295283005681e+16,164.10037475073636,False,False,False,47817.7,46420.04181677541,3.0,False,False,['conservative_telluric_band']
J214159-441325,2.383,2260,2260.779108,0.00244,7648.215722364001,False,200,200,1.0,0,2.4999895761823456,62.33275700538277,0.7402610783655637,0.4280734059397741,0.0027737814934955455,154.328452671415,1.056925666894656,0.004445978857452158,0.4050175138593169,1,80,0.0125,78,5477581437614927.0,110.43400134602427,False,False,False,47817.7,46420.04181677541,5.0,False,False,['conservative_telluric_band']
J214159-441325,2.383,2344,2344.212747,0.114,7930.471723101,True,200,200,1.0,0,2.4999895761823456,56.96862393072901,0.993416560628249,0.7071852382221444,0.002418676195329897,292.3852475943715,0.7290642737320718,0.004804056704917414,0.9699902514795727,12,80,0.15,54,267833226571764.78,0.7810032050564404,True,False,False,47817.7,46420.04181677541,6.0,True,False,[]
J214159-441325,2.383,2374,2374.460064,0.0313,8032.798396511999,True,200,200,1.0,0,2.4999895761823456,50.03638716699653,0.9840719372531118,0.3577572226469231,0.003206608661647002,111.56871960271236,0.390174047081696,0.005728120915663917,0.9169170151699368,0,80,0.0,59,320913127896793.75,6.273484800116076,True,False,False,47817.7,46420.04181677541,6.0,True,False,[]
J214159-441325,2.383,2382,2382.763995,0.32,8060.890595084999,True,200,200,1.0,0,2.4999895761823456,50.210750053676016,0.9867915021002993,1.0294662488345834,0.002427542960459188,424.0774584025702,1.1129229624559476,0.005421700215716783,0.9250112393788733,30,80,0.375,44,178601379886359.1,4.462643686756102,True,False,False,47817.7,46420.04181677541,6.0,True,False,[]
J214159-441325,2.383,2586,2586.649312,0.0691,8750.634622496,True,200,200,1.0,0,2.4999895761823456,37.64237634127987,0.9893572687657726,0.6650857866105926,0.004380632595571966,151.82414231288766,0.7509079243733787,0.007745704707380726,0.8857088399561059,6,80,0.075,58,291530626262908.1,20.17482389037321,False,False,False,47817.7,44969.83510913605,6.0,True,True,[]
J214159-441325,2.383,2600,2600.172114,0.239,8796.382261662,True,200,200,1.0,0,2.4999895761823456,29.656231110016783,0.9902246075901826,1.0526716419782698,0.006108253382065809,172.3359487785781,1.0879849544763345,0.010749717405474722,0.9675424624644174,26,80,0.325,40,174420997535511.38,0.34988851279141264,True,False,False,47817.7,44969.83510913605,6.0,True,False,[]
J220852-194359,2.076,1608,1608.450852,0.0577,4947.594820752,True,385,385,1.0,0,1.2999971813981048,109.53602579586257,0.9988252709380325,0.02568726507599857,0.0007901178884004267,32.51067398056482,0.026845264918711566,0.0012490829430187908,0.9568639070532751,0,154,0.0,15,22828344377900.02,2.0449215370787575,False,False,False,50571.625,57607.97120155109,45.0,True,True,[]
J220852-194359,2.076,1611,1611.200369,0.00138,4956.052335044,True,385,385,1.0,0,1.2999971813981048,112.75171106695014,0.9977763608375427,0.0029495767754675463,0.0007691125163767644,3.8350393637627915,0.008006998879481187,0.001218363471825752,0.36837482056181625,0,154,0.0,0,94185681358546.28,3.6487667747187373,False,False,False,50571.625,57607.97120155109,40.0,False,False,['core_EW_diagonal_detection_proxy_below_5']
J220852-194359,2.076,2249,2249.875472,0.00182,6920.616951872001,False,385,385,1.0,0,1.2999971813981048,63.55399675562613,0.9831080181337168,0.060201465682821934,0.0019206641936792466,31.34408705120873,0.13712896373925165,0.003071427909689962,0.43901349533490225,0,154,0.0,18,859619737354027.9,40.28751526920389,True,False,False,50571.625,53598.521235830296,5.0,False,False,['conservative_telluric_band']
J220852-194359,2.076,2260,2260.779108,0.00244,6954.156536208001,False,384,384,1.0,0,1.2999971813981048,70.2083380369499,0.9152358171718274,0.06598282157749892,0.0017434356424457786,37.84643377196013,1.129995169669423,0.002419811508271936,0.05839212710688136,0,154,0.0,35,668699383051547.2,433.63535789549053,True,False,False,50571.625,53598.521235830296,5.0,False,False,['conservative_telluric_band']
J220852-194359,2.076,2344,2344.212747,0.114,7210.798409772,False,385,385,1.0,0,1.2999971813981048,61.238651159884796,0.9940657764709244,0.08958401122754568,0.0020225202249028232,44.293258541753254,0.12355192066824466,0.003229871283517875,0.7250717815070808,0,153,0.0,21,23044752946987.582,11.017170028363232,True,False,False,50571.625,53598.521235830296,6.0,False,False,['conservative_telluric_band']
J220852-194359,2.076,2374,2374.460064,0.0313,7303.839156864,False,384,384,1.0,0,1.2999971813981048,52.10365226205025,0.9950359701866063,0.05592521468349452,0.0024950874601818523,22.414129995835278,0.06897437633815556,0.003873126365146619,0.8108114585815769,0,154,0.0,28,39447569555382.41,3.8969342825045272,True,False,False,50571.625,53598.521235830296,8.0,False,False,['conservative_telluric_band']
J220852-194359,2.076,2382,2382.763995,0.32,7329.382048619999,False,384,384,1.0,0,1.2999971813981048,64.60287591824343,0.996049992434432,0.13967610418804433,0.0020420773002279833,68.3990288577472,0.15334029590379325,0.003152343646414237,0.9108897525258336,5,154,0.032467532467532464,21,18342964814419.184,2.62616671943001,True,False,False,50571.625,53598.521235830296,7.0,False,False,['conservative_telluric_band']
J220852-194359,2.076,2586,2586.649312,0.0691,7956.533283712,True,385,385,1.0,0,1.2999971813981048,80.94767027969405,0.9801420496211932,0.09033477882979275,0.0016939472202250907,53.32797725409008,0.13828129263243583,0.0027660861068379682,0.6532682556700621,0,154,0.0,22,27876415937221.844,15.730226599655861,True,False,False,50571.625,53610.35438936952,10.0,True,False,[]
J220852-194359,2.076,2600,2600.172114,0.239,7998.129422664,True,384,384,1.0,0,1.2999971813981048,50.969931464653264,0.9977185784869672,0.1290886170009918,0.0026846858292248095,48.083323417498555,0.14006469247894968,0.004657785057049777,0.9216356721762162,3,154,0.01948051948051948,16,18772607955905.586,1.7247967191780051,True,False,False,50571.625,53610.35438936952,4.0,True,False,[]
J224708-601545,2.331,1608,1608.450852,0.0577,5357.749788012,True,250,250,1.0,0,1.9999933287629752,118.1308871979858,0.9811151367199633,0.25379720813158685,0.000819346896379718,309.75550069572375,0.6108210933080694,0.001307413746547542,0.41550170894897936,2,100,0.02,58,303791264693378.3,39.71916282901207,False,False,False,49194.6625,56037.338646700504,8.0,True,True,[]
J224708-601545,2.331,1611,1611.200369,0.00138,5366.908429139,True,250,250,1.0,0,1.9999933287629752,114.3830810025012,0.9933843738157624,0.014969292857438022,0.0009373295147402661,15.97014990143142,0.03240210051140781,0.0014771492457061465,0.46198526086812747,0,100,0.0,5,484555608040457.94,3.559142890146384,False,False,False,49194.6625,56037.338646700504,8.0,True,True,[]
J224708-601545,2.331,2249,2249.875472,0.00182,7494.335197232001,True,250,250,1.0,0,1.9999933287629752,60.317987055599716,0.9880345159880117,0.03055842717071814,0.0024936487975376924,12.254503200648182,0.07828388803981952,0.003955993242043588,0.3903539787800835,0,100,0.0,11,396381943683446.9,4.875854276808497,False,False,False,50571.625,63271.21593205763,6.0,True,True,[]
J224708-601545,2.331,2260,2260.779108,0.00244,7530.655208748,True,250,250,1.0,0,1.9999933287629752,62.53188982961209,0.9820571009388045,0.05883222236562267,0.0023760113895017454,24.760917656190152,0.13250559546857898,0.003936265814134927,0.44399802255576093,0,100,0.0,27,572748919752599.2,6.478369113443673,False,False,False,50571.625,63271.21593205763,3.0,True,True,[]
J224708-601545,2.331,2344,2344.212747,0.114,7808.572660257,True,250,250,1.0,0,1.9999933287629752,56.18430823257423,0.975550512527489,0.6113540389180708,0.0028224851842395594,216.601327911942,1.3551421124440821,0.004215408473521857,0.4511364773510405,13,100,0.13,56,244669387701298.03,34.54441747800307,False,False,False,50571.625,63271.21593205763,3.0,True,True,[]
J224708-601545,2.331,2374,2374.460064,0.0313,7909.326473183999,True,250,250,1.0,0,1.9999933287629752,51.89922230884255,0.9667858383222203,0.31740339271115187,0.0028873179412097017,109.93018405800129,0.7872514557455365,0.004733741558093961,0.40317917533803366,2,100,0.02,57,311766595465342.06,19.338685054600717,True,False,False,50571.625,63271.21593205763,3.0,True,False,[]
J224708-601545,2.331,2382,2382.763995,0.32,7936.986867344999,True,250,250,1.0,0,1.9999933287629752,56.52392580409044,0.941052730189797,0.8698169506202148,0.0023027404391089096,377.73121792085584,1.797903581887046,0.003994816826557519,0.4837951041330432,39,100,0.39,42,156064007541863.97,76.0813007862588,True,False,False,50571.625,63271.21593205763,3.0,True,False,[]
J224708-601545,2.331,2586,2586.649312,0.0691,8616.128858272,False,250,0,0.0,250,1.9999933287629752,,,0.0,0.0,,0.0,0.0,,0,0,,0,0.0,,True,False,False,0.0,0.0,,False,False,"['catalogue_coverage_gap', 'native_valid_fraction_below_0p98', 'native_CNR_below_15', 'core_EW_diagonal_detection_proxy_below_5']"
J224708-601545,2.331,2600,2600.172114,0.239,8661.173311733999,False,250,122,0.488,128,1.9999933287629752,22.35492438449627,0.9961617299163752,0.0634542660565141,0.006723201985513721,9.43810199265723,0.07102725416556965,0.008900153645951541,0.8933791232953708,0,47,0.0,11,5127837584467.014,0.7995318616719451,False,False,False,50571.625,59077.93352796826,2.0,False,False,"['catalogue_coverage_gap', 'native_valid_fraction_below_0p98']"
J225719-100104,1.836,1608,1608.450852,0.0577,4561.566616272,False,200,200,1.0,0,2.4999895761823456,17.052859581927578,0.9341191100195173,0.32935718721556917,0.006625521202684945,49.71038158961736,0.5837508759424904,0.010951857807429502,0.5642084676683493,0,80,0.0,45,389831255009605.5,5.374166714540652,False,False,False,49771.0,51115.221206979724,4.0,False,False,['low_catalogue_CNR_proxy']
J225719-100104,1.836,1611,1611.200369,0.00138,4569.364246484,False,200,200,1.0,0,2.4999895761823456,16.457931456930773,0.9952766800365722,0.004732326999860207,0.00732494988006041,0.6460558880740327,0.025388477786652913,0.011610104930329266,0.1863966418005596,0,80,0.0,1,200089762886473.9,-0.1850419759772456,False,False,False,49771.0,51115.221206979724,2.0,False,False,"['low_catalogue_CNR_proxy', 'core_EW_diagonal_detection_proxy_below_5']"
J225719-100104,1.836,2249,2249.875472,0.00182,6380.646838592002,True,200,200,1.0,0,2.4999895761823456,45.81980630477065,0.9924410112398896,0.03539318383724335,0.0037849284131501347,9.351084082403075,0.06640237653290226,0.005902494728536217,0.5330107999930709,0,80,0.0,6,447047436900992.25,1.7601413044170966,False,False,False,47817.7,46918.33853165733,5.0,True,True,[]
J225719-100104,1.836,2260,2260.779108,0.00244,6411.569550288001,True,200,200,1.0,0,2.4999895761823456,44.08825051804488,0.9917176540876649,0.04790216548078968,0.0038859438504793213,12.327034904243682,0.07785276930109591,0.00608381773386196,0.615291734781172,0,80,0.0,14,452484142002298.7,1.5573702307145887,False,False,False,47817.7,46918.33853165733,5.0,True,True,[]
J225719-100104,1.836,2344,2344.212747,0.114,6648.187350492,True,200,200,1.0,0,2.4999895761823456,53.32393964506829,0.8882001163997536,0.79018286673904,0.002783858015303196,283.844528850003,1.3942371704414225,0.005491824205097476,0.5667492471807104,16,80,0.2,52,334535880607517.6,34.8071141706312,False,False,False,47817.7,46918.33853165733,5.0,True,True,[]
J225719-100104,1.836,2374,2374.460064,0.0313,6733.968741504001,True,200,200,1.0,0,2.4999895761823456,27.709334334542078,0.9618159977095397,0.41597554878337717,0.005977877892027114,69.58582230964888,0.7018159406540819,0.009722885318691834,0.592713166924784,0,80,0.0,50,382440099905447.56,9.042032565517616,False,False,False,47817.7,50296.33407766059,2.0,True,True,[]
J225719-100104,1.836,2382,2382.763995,0.32,6757.51868982,True,200,200,1.0,0,2.4999895761823456,35.61779052098042,0.7694630994280967,1.0935681868987486,0.004351415608677475,251.31320132188353,1.991271578789981,0.007891166456602516,0.549180834270365,35,80,0.4375,36,172504708586562.5,60.43898610659777,False,False,False,47817.7,50296.33407766059,4.0,True,True,[]
J225719-100104,1.836,2586,2586.649312,0.0691,7335.737448832001,False,200,200,1.0,0,2.4999895761823456,27.95237114704986,0.9180791968730685,0.7587162472996926,0.005964048307771228,127.21497347884925,1.2912472600083031,0.011092673034774828,0.5875840133785173,8,80,0.1,55,361015114137881.9,19.079366930270748,True,False,False,47817.7,50296.33407766059,2.0,False,False,['conservative_telluric_band']
J225719-100104,1.836,2600,2600.172114,0.239,7374.088115304001,True,200,200,1.0,0,2.4999895761823456,33.758348742654874,0.8295722514630037,1.0595022269559318,0.007037319683252102,150.5547956670788,1.965897908939862,0.01017414354387317,0.5389406144326605,26,80,0.325,45,172643260978928.38,49.91454044173562,True,False,False,47817.7,50296.33407766059,2.0,True,False,[]
J232128-105122,1.629,1608,1608.450852,0.0577,4228.617289908,False,200,200,1.0,0,2.4999895761823456,12.813167088640236,0.8409908775113496,0.18118598326907184,0.009142506242824061,19.817977527910845,0.5169955706561788,0.014313162055443562,0.35045944985390837,0,80,0.0,17,197650263629288.62,30.241809961907457,False,False,False,59834.35,58558.81512118075,2.0,False,False,"['forest_or_Lyalpha_proximity', 'low_catalogue_CNR_proxy', 'native_CNR_below_15']"
J232128-105122,1.629,1611,1611.200369,0.00138,4235.845770101,False,200,200,1.0,0,2.4999895761823456,12.98878838173979,0.8898686990877518,0.24744277867285513,0.009182007255133488,26.948658588187733,0.6392345136998767,0.0141562215916888,0.38709233210932437,0,80,0.0,38,9185437548201128.0,14.468422025156396,False,False,False,59834.35,58558.81512118075,1.0,False,False,"['forest_or_Lyalpha_proximity', 'low_catalogue_CNR_proxy', 'native_CNR_below_15']"
J232128-105122,1.629,2249,2249.875472,0.00182,5914.922615888,True,200,200,1.0,0,2.4999895761823456,48.28829000269721,0.9987058129160642,0.013180814054115883,0.0034601118645624642,3.8093606709974432,0.01645535473589997,0.005538678786276711,0.8010045523576494,0,80,0.0,6,169613678303489.88,1.0192769525142071,False,False,False,56935.86,54984.57481382163,10.0,False,False,['core_EW_diagonal_detection_proxy_below_5']
J232128-105122,1.629,2260,2260.779108,0.00244,5943.588274932001,True,200,200,1.0,0,2.4999895761823456,50.86255455784191,0.9969424708432634,0.0242527694102087,0.003351784761874245,7.235777692552991,0.03074614259663956,0.005290732612042937,0.7888068994014045,0,80,0.0,5,228348998186117.38,0.33214546483609586,False,False,False,56935.86,54984.57481382163,5.0,True,True,[]
J232128-105122,1.629,2344,2344.212747,0.114,6162.935311863,True,200,200,1.0,0,2.4999895761823456,56.70553970716542,0.9918188197231645,0.2045576774547342,0.0029414962354466917,69.54204971935663,0.2422320400920957,0.004835042461179002,0.8444699445084232,5,80,0.0625,25,89652606969392.42,2.5098143598623466,False,False,False,56935.86,54984.57481382163,5.0,True,True,[]
J232128-105122,1.629,2374,2374.460064,0.0313,6242.455508256,True,200,200,1.0,0,2.4999895761823456,52.45338046861848,0.9991658258906022,0.1028271348525979,0.0033030953864063347,31.130537518164328,0.09559576682139674,0.005382662129978543,1.0756452745937135,0,80,0.0,11,110329410895601.78,0.03207480853567268,False,False,False,56935.86,54984.57481382163,5.0,True,True,[]
J232128-105122,1.629,2382,2382.763995,0.32,6264.286542854999,True,200,200,1.0,0,2.4999895761823456,50.60602159149358,0.9998913809145322,0.21135829095701048,0.003342205239361022,63.23917169055091,0.21518766927686314,0.005620006733558741,0.9822044714145505,6,80,0.075,10,36682967625252.62,-0.6733122217496053,False,False,False,56935.86,54984.57481382163,10.0,True,True,[]
J232128-105122,1.629,2586,2586.649312,0.0691,6800.301041248,True,200,200,1.0,0,2.4999895761823456,46.79917408939003,0.9929154848452033,0.16776547748574283,0.003991579082303611,42.0298518522455,0.17749786810042,0.006488661513744751,0.9451689717807144,3,80,0.0375,10,102030530423591.06,0.7844524297954616,False,False,False,56935.86,54925.6411388862,4.0,True,True,[]
J232128-105122,1.629,2600,2600.172114,0.239,6835.852487706,False,0,0,0,0,2.4999895761823456,,,0.0,0.0,,0.0,0.0,,0,0,,0,0.0,,True,False,False,0.0,0.0,,False,False,"['catalogue_coverage_gap', 'native_valid_fraction_below_0p98', 'native_CNR_below_15', 'core_EW_diagonal_detection_proxy_below_5']"
J233156-090802,2.143,1608,1608.450852,0.0577,5055.361027835999,True,200,200,1.0,0,2.4999895761823456,21.176643855538806,0.7208885394428747,0.44973295779348854,0.0053896170565294116,83.44432509330996,1.0735020424300568,0.008602212684322647,0.4189400113067699,6,80,0.075,66,579393364466676.0,43.64939630998385,False,False,False,41103.37333333334,42083.18748039722,6.0,True,True,[]
J233156-090802,2.143,1611,1611.200369,0.00138,5064.002759767,True,200,200,1.0,0,2.4999895761823456,18.65018243918863,0.9199983758345452,0.10721454582913062,0.006635798563675962,16.156992229393133,0.2398565837192388,0.010266483977099353,0.44699438375487455,0,80,0.0,10,3631659614115761.0,8.074183712193573,False,False,False,41103.37333333334,42083.18748039722,7.0,True,True,[]
J233156-090802,2.143,2249,2249.875472,0.00182,7071.358608496,True,200,200,1.0,0,2.4999895761823456,24.11893111494193,0.9881570713808903,0.04593485768738091,0.006966005011738006,6.594146517261871,0.10108560095838773,0.011324433975706292,0.4544154385181938,0,80,0.0,5,593851967660402.9,1.6715255029243095,True,False,False,41103.37333333334,41527.25048881059,10.0,True,False,[]
J233156-090802,2.143,2260,2260.779108,0.00244,7105.628736444,True,200,200,1.0,0,2.4999895761823456,25.55659327921951,0.9899558602532008,0.07670693381937793,0.0065841585228716085,11.650225849350152,0.16185688818913557,0.010484910024934506,0.47391825382027075,0,80,0.0,9,738931221684636.4,2.6681343464162963,True,False,False,41103.37333333334,41527.25048881059,5.0,True,False,[]
J233156-090802,2.143,2344,2344.212747,0.114,7367.860663820999,True,200,200,1.0,0,2.4999895761823456,31.888249798048882,0.5337123844282001,0.9245259932967586,0.005472356074382377,168.94478004176705,2.0183080055049905,0.011454198639724253,0.4580698242166649,15,80,0.1875,60,338126305602919.7,92.40698716458522,True,False,False,41103.37333333334,41527.25048881059,5.0,True,False,[]
J233156-090802,2.143,2374,2374.460064,0.0313,7462.927981151999,True,200,200,1.0,0,2.4999895761823456,26.465104726435502,0.7751162895582097,0.5180834601082412,0.006551845669431835,79.074429748155,1.2822936800734483,0.010541757981743529,0.40402870899166093,0,80,0.0,60,517864320476256.94,38.2716190256654,False,False,False,41103.37333333334,41527.25048881059,5.0,True,True,[]
J233156-090802,2.143,2382,2382.763995,0.32,7489.027236284999,True,200,200,1.0,0,2.4999895761823456,32.678764548274245,0.29119199430760784,1.2401375333308007,0.005296675297391551,234.13508733328055,2.593304762129175,0.009943221889690641,0.47820740216919716,40,80,0.5,40,176006857605261.5,85.60028710056382,False,False,False,41103.37333333334,41527.25048881059,9.0,True,True,[]
J233156-090802,2.143,2586,2586.649312,0.0691,8129.8387876159995,False,200,200,1.0,0,2.4999895761823456,28.053431088250633,0.6346590363442388,0.8940821660859669,0.006610374159178057,135.25439628021576,2.0823332283220752,0.010605327852599959,0.42936555683088723,12,80,0.15,63,410473660779892.75,74.4535898921895,True,False,False,41103.37333333334,39287.80686761189,5.0,False,False,['conservative_telluric_band']
J233156-090802,2.143,2600,2600.172114,0.239,8172.340954302,False,200,200,1.0,0,2.4999895761823456,33.23181366861486,0.31130208112091434,1.3110631174970466,0.0062862699626074735,208.55978589777786,2.805912299462567,0.01073734062096167,0.46725021225651364,36,80,0.45,44,205079850452598.44,95.92412863335355,True,False,False,41103.37333333334,39287.80686761189,5.0,False,False,['conservative_telluric_band']
J234512-433814,2.612,1608,1608.450852,0.0577,5809.724477424,False,200,200,1.0,0,2.4999895761823456,19.358817985282357,1.0031002057380787,0.36888878155323485,0.005384134699295506,68.514032830847,0.3740790947011181,0.009377145318415292,0.9861250916680329,8,80,0.1,33,567047864670806.6,0.20335218964135643,False,False,False,56935.86,59569.254277091626,4.0,False,False,['low_catalogue_CNR_proxy']
J234512-433814,2.612,1611,1611.200369,0.00138,5819.655732828,False,200,200,1.0,0,2.4999895761823456,20.414615224567118,0.9882850842593363,0.026312172826309377,0.005882796347052059,4.472732230394943,0.035810543407686996,0.009342758580402486,0.7347605013070334,0,80,0.0,2,885030319762575.6,1.734375600247968,False,False,False,56935.86,59569.254277091626,4.0,False,False,"['low_catalogue_CNR_proxy', 'core_EW_diagonal_detection_proxy_below_5']"
J234512-433814,2.612,2249,2249.875472,0.00182,8126.550204864001,False,200,200,1.0,0,2.4999895761823456,23.39777004660948,0.9664824136293342,0.09339209026235049,0.006957244292449866,13.423718693290871,0.1708842047060395,0.011420791126053929,0.5465226609036603,0,80,0.0,19,1247893481125348.5,9.426251288920149,True,False,False,56935.86,55069.04707839319,4.0,False,False,['conservative_telluric_band']
J234512-433814,2.612,2260,2260.779108,0.00244,8165.934138096,False,200,200,1.0,0,2.4999895761823456,23.204776377920858,0.940672476430198,0.3165899914861904,0.007049817269923616,44.9075457369437,0.5640557856642491,0.011470748129423492,0.5612742560797679,0,80,0.0,44,4294196453673293.0,25.968077999520737,True,False,False,56935.86,55069.04707839319,4.0,False,False,['conservative_telluric_band']
J234512-433814,2.612,2344,2344.212747,0.114,8467.296442164,True,200,200,1.0,0,2.4999895761823456,20.88242299971293,0.9702245531156694,0.5874768818618061,0.012966547955413948,45.30711519225252,0.6791201890939308,0.01688366146171862,0.865055834440155,21,80,0.2625,21,248036075020801.22,9.713291664656696,True,False,False,56935.86,55069.04707839319,4.0,True,False,[]
J234512-433814,2.612,2374,2374.460064,0.0313,8576.549751168,True,200,200,1.0,0,2.4999895761823456,18.366552293844393,0.9743255890441306,0.5008757861177966,0.009378733078016168,53.40548472286238,0.5349448554123497,0.015180745505108584,0.9363129321651448,8,80,0.1,33,547896274330569.6,1.9944823050074698,True,False,False,56935.86,55069.04707839319,4.0,True,False,[]
J234512-433814,2.612,2382,2382.763995,0.32,8606.54354994,True,200,200,1.0,0,2.4999895761823456,20.18127586292607,1.000919060495637,0.9155293199306418,0.00669375100426378,136.77373409131422,0.9479418836476914,0.013108025919187017,0.9658074357973027,36,80,0.45,20,135568161287270.28,1.6214456142946763,True,False,False,56935.86,55069.04707839319,4.0,True,False,[]
J234512-433814,2.612,2586,2586.649312,0.0691,9342.977314944,False,200,200,1.0,0,2.4999895761823456,10.005955960795742,0.5138098408437024,1.1780890688719239,0.027923738539663838,42.18951796868194,2.4037712442198327,0.03878794204222312,0.49010032535532894,64,80,0.8,12,452530797985490.4,25.88423072400464,True,False,False,56935.86,55069.04707839319,4.0,False,False,"['outside_fixed_wavelength_range', 'conservative_telluric_band', 'native_CNR_below_15']"
J234512-433814,2.612,2600,2600.172114,0.239,9391.821675768,False,200,200,1.0,0,2.4999895761823456,12.831657831997013,0.89543457947684,1.2354642150424984,0.012276375329852695,100.63754014087502,1.4921441299109106,0.025414392731012873,0.8279791410741686,50,80,0.625,11,163118610087608.66,0.6895086228026485,True,False,False,56935.86,55069.04707839319,4.0,False,False,"['outside_fixed_wavelength_range', 'conservative_telluric_band', 'native_CNR_below_15']"
J234628+124858,2.431,1608,1608.450852,0.0577,5518.594873212,True,200,200,1.0,0,2.4999895761823456,58.38437110570838,0.9746139711554258,0.29896645218068785,0.001830294559841479,163.34335398264048,0.37607249313194907,0.003134430898721771,0.7949702720634563,0,80,0.0,66,383255394657851.0,22.524774303373015,False,False,False,47817.7,49907.74427156582,7.0,True,True,[]
J234628+124858,2.431,1611,1611.200369,0.00138,5528.028466039,True,200,200,1.0,0,2.4999895761823456,56.18185314243476,0.9958461222614455,0.23198525946962334,0.0019642927976054403,118.10116075995576,0.37204447399000995,0.0032227386595218804,0.6235417421516455,7,80,0.0875,22,1.684852063091558e+16,0.702927648442323,False,False,False,47817.7,49907.74427156582,8.0,True,True,[]
J234628+124858,2.431,2249,2249.875472,0.00182,7719.322744432001,True,200,198,0.99,2,2.4999895761823456,55.376505398557974,0.9837752456356191,0.04770588007167636,0.003545684504846736,13.45463196357863,0.08155578651245197,0.005409450312171245,0.5849478266559615,0,80,0.0,23,617152726558489.2,5.645742970701665,False,False,False,51976.14111111111,52829.642702326644,4.0,True,True,[]
J234628+124858,2.431,2260,2260.779108,0.00244,7756.733119548001,True,200,200,1.0,0,2.4999895761823456,53.36000265645518,0.9803569044601037,0.0533751763969289,0.0031475040175958364,16.957937495405822,0.10005254169282218,0.0055487977131238415,0.533471469028738,0,80,0.0,23,510682024495235.3,9.162046908246118,False,False,False,51976.14111111111,52829.642702326644,4.0,True,True,[]
J234628+124858,2.431,2344,2344.212747,0.114,8042.993934957,True,200,200,1.0,0,2.4999895761823456,58.61610929845061,0.901434638422737,0.7863712538855236,0.0025152793947481275,312.63773540524255,1.132169458313407,0.004515211027238668,0.6945702766589209,15,80,0.1875,65,329634444158802.44,72.93773438382495,True,False,False,51976.14111111111,52829.642702326644,4.0,True,False,[]
J234628+124858,2.431,2374,2374.460064,0.0313,8146.7724795839995,False,200,200,1.0,0,2.4999895761823456,55.567168349493784,0.9441041705333437,0.45814803860148867,0.0030265938937240884,151.3741369635019,0.5889816678156032,0.0049767851881462296,0.7778646834640096,0,80,0.0,75,453718916041950.1,23.576737290726573,True,False,False,51976.14111111111,52829.642702326644,4.0,False,False,['conservative_telluric_band']
J234628+124858,2.431,2382,2382.763995,0.32,8175.263266845,False,200,200,1.0,0,2.4999895761823456,61.23900744981681,0.8451103022322166,1.0835947310409155,0.002239623133668436,483.8290490713139,1.7093340218985384,0.004557003465650856,0.6339280194267582,26,80,0.325,53,177442967744730.1,105.43113520388451,True,False,False,51976.14111111111,52829.642702326644,4.0,False,False,['conservative_telluric_band']
J234628+124858,2.431,2586,2586.649312,0.0691,8874.793789472,True,200,200,1.0,0,2.4999895761823456,47.30495579995758,0.9409472148645182,0.681606468116115,0.0035767059323204473,190.56821584264588,1.2660338413730496,0.006492193712031738,0.5383793433016715,12,80,0.15,63,367939776216751.4,159.45401846415325,True,False,False,51976.14111111111,49107.42024828516,4.0,True,False,[]
J234628+124858,2.431,2600,2600.172114,0.239,8921.190523134,False,200,200,1.0,0,2.4999895761823456,37.55955373286844,0.931834694953809,1.1293751460766353,0.007805303345696599,144.69330608390877,1.644134897945312,0.01002001602947257,0.6869114860879262,26,80,0.325,51,160078467204386.6,56.02920001014113,True,False,False,51976.14111111111,49107.42024828516,4.0,False,False,['conservative_telluric_band']
J235057-005209,2.426,1608,1608.450852,0.0577,5510.552618952,True,250,250,1.0,0,1.9999933287629752,37.79006821703554,0.9667837893360754,0.41149469094744306,0.002544034304913896,161.74887663764042,0.6215513756560416,0.004402111232490857,0.6620445341515242,0,100,0.0,91,496101669473986.7,6.513802236406593,False,False,False,53695.92857142857,68487.53762077664,11.0,True,True,[]
J235057-005209,2.426,1611,1611.200369,0.00138,5519.972464194,True,250,250,1.0,0,1.9999933287629752,34.179281230126506,0.9879579438659262,0.28276729497066877,0.002882563751702835,98.0957645095023,0.42312702575976996,0.00477419420595556,0.6682799201089312,14,100,0.14,22,2.2227622845094132e+16,3.641289066297785,False,False,False,53695.92857142857,68487.53762077664,13.0,True,True,[]
J235057-005209,2.426,2249,2249.875472,0.00182,7708.073367072001,True,250,250,1.0,0,1.9999933287629752,34.56806208821038,0.9949444025865154,0.05312275261349373,0.004384462005056843,12.116139346680233,0.08977535234050807,0.006918751236918761,0.5917298147937639,0,100,0.0,13,678219597118713.6,3.180284283117691,False,False,False,53695.92857142857,63294.676597625374,7.0,True,True,[]
J235057-005209,2.426,2260,2260.779108,0.00244,7745.429224008001,True,250,250,1.0,0,1.9999933287629752,30.808090887403978,0.9976246067338219,0.049012116109486775,0.0049130211665701,9.975962742229203,0.059046013476186786,0.007793393790464729,0.830066472298817,0,100,0.0,9,470863622559584.5,0.30506999789860717,False,False,False,53695.92857142857,63294.676597625374,7.0,True,True,[]
J235057-005209,2.426,2344,2344.212747,0.114,8031.2728712220005,True,250,250,1.0,0,1.9999933287629752,25.178867209687645,0.9501113103062515,0.7576534872454138,0.006185742716098666,122.48383452379736,1.187751029218872,0.013248195978597836,0.6378891439426383,6,100,0.06,85,233013173220750.47,4.3798037853315055,True,False,False,53695.92857142857,63294.676597625374,7.0,True,False,[]
J235057-005209,2.426,2374,2374.460064,0.0313,8134.900179264,False,250,250,1.0,0,1.9999933287629752,22.01872899328385,0.9987888221320773,0.3522542271382992,0.007113301436499345,49.52049765961463,0.5313253937658642,0.014539609247328028,0.6629726929511764,0,100,0.0,59,301760620203348.5,-2.42778138001605,True,False,False,53695.92857142857,63294.676597625374,7.0,False,False,['conservative_telluric_band']
J235057-005209,2.426,2382,2382.763995,0.32,8163.34944687,False,250,250,1.0,0,1.9999933287629752,24.931679826034802,0.9073138000927283,1.28967818687841,0.005673270461538031,227.32534886566583,2.063704137308096,0.010317974986455798,0.6249336634856348,47,100,0.47,52,172429391689342.03,15.185224834886403,True,False,False,53695.92857142857,63294.676597625374,7.0,False,False,['conservative_telluric_band']
J235057-005209,2.426,2586,2586.649312,0.0691,8861.860542912,True,250,250,1.0,0,1.9999933287629752,18.70928895373839,0.9645482916717281,0.836889547564122,0.008556020945064904,97.81293815635622,1.2844061177720105,0.014589072144663533,0.6515770487109084,9,100,0.09,79,338449720936037.5,2.5886210385099964,True,False,False,53695.92857142857,63294.676597625374,7.0,True,False,[]
J235057-005209,2.426,2600,2600.172114,0.239,8908.189662564,False,250,250,1.0,0,1.9999933287629752,11.075317410805054,0.937497037919538,1.3495627673369162,0.017475034262369214,77.22804699977432,2.0320652040895846,0.026159273285151195,0.6641335940504692,68,100,0.68,25,130231207838085.16,5.8284371709472795,True,False,False,53695.92857142857,63294.676597625374,7.0,False,False,"['conservative_telluric_band', 'native_CNR_below_15']"
J235057-005209,2.615,1608,1608.450852,0.0577,5814.54982998,True,250,250,1.0,0,1.9999933287629752,27.085463491673558,0.9203105825827316,0.38650828680848814,0.0037938561393859004,101.87742302507313,0.6075947226088214,0.006295006250195504,0.6361284461934472,3,100,0.03,86,454639431940093.0,10.424595537509866,False,False,False,53695.92857142857,63121.97622998603,15.0,True,True,[]
J235057-005209,2.615,1611,1611.200369,0.00138,5824.489333935,True,250,250,1.0,0,1.9999933287629752,26.266010472701915,0.8854065899864896,0.06506196870857124,0.004147256833711896,15.687952619596794,0.35895871119848627,0.006889549757434087,0.18125195650314005,0,100,0.0,19,2233655614335638.0,34.59067205550927,False,False,False,53695.92857142857,63121.97622998603,14.0,True,True,[]
J235057-005209,2.615,2249,2249.875472,0.00182,8133.299831280001,False,250,250,1.0,0,1.9999933287629752,22.05771054256861,0.9921026330459206,0.2918882932392958,0.006520479202832847,44.76485303602899,0.5053920679291037,0.012739926466917014,0.5775482279239923,0,100,0.0,53,4725693953215106.0,-0.6781396811364431,True,False,False,53695.92857142857,63294.676597625374,7.0,False,False,['conservative_telluric_band']
J235057-005209,2.615,2260,2260.779108,0.00244,8172.716475420001,False,250,250,1.0,0,1.9999933287629752,20.265657421290484,0.9407222287047475,0.05587369479271849,0.007457541319962931,7.492240725928183,0.4062517736639024,0.011699713490177727,0.13753464825225245,0,100,0.0,16,615186580402343.4,62.13929499079549,True,False,False,53695.92857142857,63294.676597625374,7.0,False,False,['conservative_telluric_band']
J235057-005209,2.615,2344,2344.212747,0.114,8474.329080405001,True,250,250,1.0,0,1.9999933287629752,21.563724465736904,0.9852831295481708,0.4872472400676078,0.0072995949634169725,66.74990085196798,0.4854846495942678,0.01321397237008918,1.0036305792053632,15,100,0.15,31,171763117309072.94,-6.9666684238629495,True,False,False,53695.92857142857,63294.676597625374,7.0,True,False,[]
J235057-005209,2.615,2374,2374.460064,0.0313,8583.67313136,True,250,250,1.0,0,1.9999933287629752,18.83885445990132,0.9827391517217314,0.27989037005861817,0.008289019629701116,33.7664021274263,0.331991228570288,0.013381262072484069,0.8430655570749839,3,100,0.03,34,273711831785694.72,0.011084099798493958,True,False,False,53695.92857142857,63294.676597625374,7.0,True,False,[]
J235057-005209,2.615,2382,2382.763995,0.32,8613.691841925,True,250,250,1.0,0,1.9999933287629752,19.600001479663497,0.9737326309343581,0.6516949562305456,0.007645419372977786,85.2399226828442,0.7262170557818819,0.012891350278790185,0.8973831598170027,27,100,0.27,28,80990718869110.66,1.7212749031825538,True,False,False,53695.92857142857,63294.676597625374,7.0,True,False,[]
J235057-005209,2.615,2586,2586.649312,0.0691,9350.73726288,False,250,250,1.0,0,1.9999933287629752,9.64723296926586,0.8726143418787067,0.587261469050038,0.01765951532756953,33.25467648215815,1.2621722959044415,0.028956563153595363,0.4652783704377071,24,100,0.24,21,200502616002953.75,11.011223320927838,True,False,False,53695.92857142857,63294.676597625374,7.0,False,False,"['outside_fixed_wavelength_range', 'conservative_telluric_band', 'native_CNR_below_15']"
J235057-005209,2.615,2600,2600.172114,0.239,9399.62219211,False,250,250,1.0,0,1.9999933287629752,12.766975558681596,0.9926719857233743,0.7329125075251741,0.01287694916127969,56.91662662837899,0.8795878913260748,0.022057909812655496,0.8332453354038656,28,100,0.28,27,82268198733429.88,2.636411898615971,True,False,False,53695.92857142857,63294.676597625374,7.0,False,False,"['outside_fixed_wavelength_range', 'conservative_telluric_band', 'native_CNR_below_15']"
J235129-142756,2.279,1608,1608.450852,0.0577,5274.110343708,False,200,0,0.0,200,2.4999895761823456,,,0.0,0.0,,0.0,0.0,,0,0,,0,0.0,,False,False,False,0.0,0.0,,False,False,"['catalogue_coverage_gap', 'low_catalogue_CNR_proxy', 'native_valid_fraction_below_0p98', 'native_CNR_below_15', 'core_EW_diagonal_detection_proxy_below_5']"
J235129-142756,2.279,1611,1611.200369,0.00138,5283.126009951,False,200,0,0.0,200,2.4999895761823456,,,0.0,0.0,,0.0,0.0,,0,0,,0,0.0,,False,False,False,0.0,0.0,,False,False,"['catalogue_coverage_gap', 'low_catalogue_CNR_proxy', 'native_valid_fraction_below_0p98', 'native_CNR_below_15', 'core_EW_diagonal_detection_proxy_below_5']"
J235129-142756,2.279,2249,2249.875472,0.00182,7377.3416726880005,True,200,200,1.0,0,2.4999895761823456,66.45338862693536,0.9925891387562824,0.01431212838361307,0.0025022262033599176,5.719758015640294,0.03392963375139206,0.003986584519680939,0.42181794499994785,0,80,0.0,5,181212735413241.38,3.344408308335203,True,False,False,51976.14111111111,52374.19168182374,3.0,True,False,[]
J235129-142756,2.279,2260,2260.779108,0.00244,7413.094695132,True,200,200,1.0,0,2.4999895761823456,66.03935690187703,0.99016214926473,0.020566215226976936,0.002698532610225076,7.621258734857968,0.04034895020146065,0.004300709279840155,0.5097088059116945,0,80,0.0,5,192089101400557.1,3.2849625159561766,True,False,False,51976.14111111111,52374.19168182374,6.0,True,False,[]
J235129-142756,2.279,2344,2344.212747,0.114,7686.673597413,False,200,200,1.0,0,2.4999895761823456,61.8487278310882,0.9890009091190795,0.22859702309197283,0.002672630611502628,85.53259178732864,0.2710874007897075,0.004550921573352329,0.8432594891022028,1,80,0.0125,27,71724516780782.61,2.1083165702845013,False,False,False,51976.14111111111,52374.19168182374,6.0,False,False,['conservative_telluric_band']
J235129-142756,2.279,2374,2374.460064,0.0313,7785.854549856,True,200,200,1.0,0,2.4999895761823456,58.25156817294676,0.9903082831283273,0.10856072851787654,0.002958675341068158,36.692342350304415,0.12613622301201588,0.0051429095507635175,0.8606625910111081,0,80,0.0,17,83848948682364.28,2.6901921083322153,False,False,False,51976.14111111111,52374.19168182374,6.0,True,True,[]
J235129-142756,2.279,2382,2382.763995,0.32,7813.083139604999,True,200,200,1.0,0,2.4999895761823456,56.3328377621437,0.9777037233517945,0.28671222866229384,0.0029459180335225793,97.3252566431585,0.34163465370489027,0.005000420362308339,0.8392363759150753,8,80,0.1,33,45734472840985.45,10.046944655060742,True,False,False,51976.14111111111,52374.19168182374,3.0,True,False,[]
J235129-142756,2.279,2586,2586.649312,0.0691,8481.623094048,True,200,200,1.0,0,2.4999895761823456,54.71869506206242,0.9957245870250631,0.1589115118156313,0.0033652264666368154,47.221639729479,0.16243087188636715,0.005562285735795371,0.978333182418685,0,80,0.0,16,61015726415426.12,2.5596764466026865,True,False,False,51976.14111111111,48825.51611801056,3.0,True,False,[]
J235129-142756,2.279,2600,2600.172114,0.239,8525.964361806,True,200,200,1.0,0,2.4999895761823456,43.750472707222855,0.993765081115739,0.25513036514276966,0.004145392550657669,61.54552603282241,0.26448786526449336,0.006882824601648846,0.9646203045558782,6,80,0.075,14,45844363498378.836,1.282996361718441,True,False,False,51976.14111111111,48825.51611801056,3.0,True,False,[]
